league_id,name,country,logo,season,created_at,updated_at,is_featured,display_order,country_code,provider,type,national,country_id,provider_id
1,Euro Championship,World,https://media.api-sports.io/football/leagues/4.png,,2026-09-24 13:48:10.778378+06:30,,f,999,,api-football,Cup,,2105094199,4
2,Confederations Cup,World,https://media.api-sports.io/football/leagues/21.png,,2026-09-24 13:48:10.778378+06:30,,f,999,,api-football,Cup,,2105094199,21
3,Ligue 2,France,https://media.api-sports.io/football/leagues/62.png,,2026-09-24 13:48:10.778378+06:30,,f,999,FR,api-football,League,,1634063603,62
4,Ligue 1,France,https://media.api-sports.io/football/leagues/61.png,,2026-09-24 13:48:10.778378+06:30,,f,999,FR,api-football,League,,1634063603,61
5,Jupiler Pro League,Belgium,https://media.api-sports.io/football/leagues/144.png,,2026-09-24 13:48:10.778378+06:30,,f,999,BE,api-football,League,,1945764105,144
6,Serie A,Brazil,https://media.api-sports.io/football/leagues/71.png,,2026-09-24 13:48:10.778378+06:30,,f,999,BR,api-football,League,,1851761881,71
7,Premier League,England,https://media.api-sports.io/football/leagues/39.png,,2026-09-24 13:48:10.778378+06:30,,f,999,GB-ENG,api-football,League,,1955094987,39
8,Bundesliga,Germany,https://media.api-sports.io/football/leagues/78.png,,2026-09-24 13:48:10.778378+06:30,,f,999,DE,api-football,League,,686765747,78
9,Serie A,Italy,https://media.api-sports.io/football/leagues/135.png,,2026-09-24 13:48:10.778378+06:30,,f,999,IT,api-football,League,,984919096,135
10,Eredivisie,Netherlands,https://media.api-sports.io/football/leagues/88.png,,2026-09-24 13:48:10.778378+06:30,,f,999,NL,api-football,League,,1629702244,88
11,Primeira Liga,Portugal,https://media.api-sports.io/football/leagues/94.png,,2026-09-24 13:48:10.778378+06:30,,f,999,PT,api-football,League,,772729455,94
12,La Liga,Spain,https://media.api-sports.io/football/leagues/140.png,,2026-09-24 13:48:10.778378+06:30,,f,999,ES,api-football,League,,390583474,140
13,Premiership,Scotland,https://media.api-sports.io/football/leagues/179.png,,2026-09-24 13:48:10.778378+06:30,,f,999,GB-SCT,api-football,League,,818809674,179
14,Championship,Scotland,https://media.api-sports.io/football/leagues/180.png,,2026-09-24 13:48:10.778378+06:30,,f,999,GB-SCT,api-football,League,,818809674,180
15,World Cup,World,https://media.api-sports.io/football/leagues/1.png,,2026-09-24 13:48:10.778378+06:30,,f,999,,api-football,Cup,,2105094199,1
16,Asian Games,World,https://media.api-sports.io/football/leagues/803.png,,2026-09-24 13:48:10.778378+06:30,,f,999,,api-football,Cup,,2105094199,803
17,Caribbean Cup,World,https://media.api-sports.io/football/leagues/804.png,,2026-09-24 13:48:10.778378+06:30,,f,999,,api-football,Cup,,2105094199,804
18,FIFA Club World Cup,World,https://media.api-sports.io/football/leagues/15.png,,2026-09-24 13:48:10.778378+06:30,,f,999,,api-football,Cup,,2105094199,15
19,Asian Cup,World,https://media.api-sports.io/football/leagues/7.png,,2026-09-24 13:48:10.778378+06:30,,f,999,,api-football,Cup,,2105094199,7
20,World Cup - Women,World,https://media.api-sports.io/football/leagues/8.png,,2026-09-24 13:48:10.778378+06:30,,f,999,,api-football,Cup,,2105094199,8
21,Premier League,Kuwait,https://media.api-sports.io/football/leagues/330.png,,2026-09-24 13:48:10.778378+06:30,,f,999,KW,api-football,League,,831496405,330
22,Superliga,Denmark,https://media.api-sports.io/football/leagues/119.png,,2026-09-24 13:48:10.778378+06:30,,f,999,DK,api-football,League,,1765234433,119
23,1. Division,Denmark,https://media.api-sports.io/football/leagues/120.png,,2026-09-24 13:48:10.778378+06:30,,f,999,DK,api-football,League,,1765234433,120
24,Denmark Series - Group 1,Denmark,https://media.api-sports.io/football/leagues/124.png,,2026-09-24 13:48:10.778378+06:30,,f,999,DK,api-football,League,,1765234433,124
25,Denmark Series - Group 2,Denmark,https://media.api-sports.io/football/leagues/125.png,,2026-09-24 13:48:10.778378+06:30,,f,999,DK,api-football,League,,1765234433,125
26,Denmark Series - Group 3,Denmark,https://media.api-sports.io/football/leagues/126.png,,2026-09-24 13:48:10.778378+06:30,,f,999,DK,api-football,League,,1765234433,126
27,Liga Nacional,Honduras,https://media.api-sports.io/football/leagues/234.png,,2026-09-24 13:48:10.778378+06:30,,f,999,HN,api-football,League,,506002979,234
28,HKFA 1st Division,Hong-Kong,https://media.api-sports.io/football/leagues/381.png,,2026-09-24 13:48:10.778378+06:30,,f,999,HK,api-football,League,,454375341,381
29,Premier League,Hong-Kong,https://media.api-sports.io/football/leagues/380.png,,2026-09-24 13:48:10.778378+06:30,,f,999,HK,api-football,League,,454375341,380
30,Magyar Kupa,Hungary,https://media.api-sports.io/football/leagues/273.png,,2026-09-24 13:48:10.778378+06:30,,f,999,HU,api-football,Cup,,994819255,273
31,NB I,Hungary,https://media.api-sports.io/football/leagues/271.png,,2026-09-24 13:48:10.778378+06:30,,f,999,HU,api-football,League,,994819255,271
32,NB II,Hungary,https://media.api-sports.io/football/leagues/272.png,,2026-09-24 13:48:10.778378+06:30,,f,999,HU,api-football,League,,994819255,272
33,Premier League,Lebanon,https://media.api-sports.io/football/leagues/390.png,,2026-09-24 13:48:10.778378+06:30,,f,999,LB,api-football,League,,350593604,390
34,National Division,Luxembourg,https://media.api-sports.io/football/leagues/261.png,,2026-09-24 13:48:10.778378+06:30,,f,999,LU,api-football,League,,109806512,261
35,Second Division,Qatar,https://media.api-sports.io/football/leagues/306.png,,2026-09-24 13:48:10.778378+06:30,,f,999,QA,api-football,League,,2106369147,306
36,Stars League,Qatar,https://media.api-sports.io/football/leagues/305.png,,2026-09-24 13:48:10.778378+06:30,,f,999,QA,api-football,League,,2106369147,305
37,Championship,England,https://media.api-sports.io/football/leagues/40.png,,2026-09-24 13:48:10.778378+06:30,,f,999,GB-ENG,api-football,League,,1955094987,40
38,EFL Trophy,England,https://media.api-sports.io/football/leagues/46.png,,2026-09-24 13:48:10.778378+06:30,,f,999,GB-ENG,api-football,Cup,,1955094987,46
39,FA Cup,England,https://media.api-sports.io/football/leagues/45.png,,2026-09-24 13:48:10.778378+06:30,,f,999,GB-ENG,api-football,Cup,,1955094987,45
40,FA Trophy,England,https://media.api-sports.io/football/leagues/47.png,,2026-09-24 13:48:10.778378+06:30,,f,999,GB-ENG,api-football,Cup,,1955094987,47
41,League Cup,England,https://media.api-sports.io/football/leagues/48.png,,2026-09-24 13:48:10.778378+06:30,,f,999,GB-ENG,api-football,Cup,,1955094987,48
42,National League,England,https://media.api-sports.io/football/leagues/43.png,,2026-09-24 13:48:10.778378+06:30,,f,999,GB-ENG,api-football,League,,1955094987,43
43,League One,England,https://media.api-sports.io/football/leagues/41.png,,2026-09-24 13:48:10.778378+06:30,,f,999,GB-ENG,api-football,League,,1955094987,41
44,League Two,England,https://media.api-sports.io/football/leagues/42.png,,2026-09-24 13:48:10.778378+06:30,,f,999,GB-ENG,api-football,League,,1955094987,42
45,Eerste Divisie,Suriname,https://media.api-sports.io/football/leagues/568.png,,2026-09-24 13:48:10.778378+06:30,,f,999,SR,api-football,League,,560835055,568
46,Vysshaya Liga,Tajikistan,https://media.api-sports.io/football/leagues/571.png,,2026-09-24 13:48:10.778378+06:30,,f,999,TJ,api-football,League,,1308526311,571
47,West Bank Premier League,Palestine,https://media.api-sports.io/football/leagues/586.png,,2026-09-24 13:48:10.778378+06:30,,f,999,PS,api-football,League,,920038924,586
48,National League,Myanmar,https://media.api-sports.io/football/leagues/588.png,,2026-09-24 13:48:10.778378+06:30,,f,999,MM,api-football,League,,665511153,588
49,Pro League,Trinidad-And-Tobago,https://media.api-sports.io/football/leagues/591.png,,2026-09-24 13:48:10.778378+06:30,,f,999,TT,api-football,League,,1288850521,591
50,Cup,Ukraine,https://media.api-sports.io/football/leagues/335.png,,2026-09-24 13:48:10.778378+06:30,,f,999,UA,api-football,Cup,,1259279705,335
51,Druha Liga,Ukraine,https://media.api-sports.io/football/leagues/336.png,,2026-09-24 13:48:10.778378+06:30,,f,999,UA,api-football,League,,1259279705,336
52,Persha Liga,Ukraine,https://media.api-sports.io/football/leagues/334.png,,2026-09-24 13:48:10.778378+06:30,,f,999,UA,api-football,League,,1259279705,334
53,Premier League,Ukraine,https://media.api-sports.io/football/leagues/333.png,,2026-09-24 13:48:10.778378+06:30,,f,999,UA,api-football,League,,1259279705,333
54,Pro League,United-Arab-Emirates,https://media.api-sports.io/football/leagues/301.png,,2026-09-24 13:48:10.778378+06:30,,f,999,AE,api-football,League,,1519936961,301
55,Division 1,United-Arab-Emirates,https://media.api-sports.io/football/leagues/303.png,,2026-09-24 13:48:10.778378+06:30,,f,999,AE,api-football,League,,1519936961,303
56,League Cup,United-Arab-Emirates,https://media.api-sports.io/football/leagues/302.png,,2026-09-24 13:48:10.778378+06:30,,f,999,AE,api-football,Cup,,1519936961,302
57,Segunda División,Uruguay,https://media.api-sports.io/football/leagues/269.png,,2026-09-24 13:48:10.778378+06:30,,f,999,UY,api-football,League,,289582172,269
58,Ligue 1,Tunisia,https://media.api-sports.io/football/leagues/202.png,,2026-09-24 13:48:10.778378+06:30,,f,999,TN,api-football,League,,1795685710,202
59,Süper Lig,Turkey,https://media.api-sports.io/football/leagues/203.png,,2026-09-24 13:48:10.778378+06:30,,f,999,TR,api-football,League,,1534531403,203
60,1. Lig,Turkey,https://media.api-sports.io/football/leagues/204.png,,2026-09-24 13:48:10.778378+06:30,,f,999,TR,api-football,League,,1534531403,204
61,2. Lig,Turkey,https://media.api-sports.io/football/leagues/205.png,,2026-09-24 13:48:10.778378+06:30,,f,999,TR,api-football,League,,1534531403,205
62,Türkiye Kupası,Turkey,https://media.api-sports.io/football/leagues/206.png,,2026-09-24 13:48:10.778378+06:30,,f,999,TR,api-football,Cup,,1534531403,206
63,3. Lig - Group 1,Turkey,https://media.api-sports.io/football/leagues/552.png,,2026-09-24 13:48:10.778378+06:30,,f,999,TR,api-football,League,,1534531403,552
64,3. Lig - Group 2,Turkey,https://media.api-sports.io/football/leagues/553.png,,2026-09-24 13:48:10.778378+06:30,,f,999,TR,api-football,League,,1534531403,553
65,3. Lig - Group 3,Turkey,https://media.api-sports.io/football/leagues/554.png,,2026-09-24 13:48:10.778378+06:30,,f,999,TR,api-football,League,,1534531403,554
66,Ligue 3,France,https://media.api-sports.io/football/leagues/63.png,,2026-09-24 13:48:10.778378+06:30,,f,999,FR,api-football,League,,1634063603,63
67,Coupe de France,France,https://media.api-sports.io/football/leagues/66.png,,2026-09-24 13:48:10.778378+06:30,,f,999,FR,api-football,Cup,,1634063603,66
68,Coupe de la Ligue,France,https://media.api-sports.io/football/leagues/65.png,,2026-09-24 13:48:10.778378+06:30,,f,999,FR,api-football,Cup,,1634063603,65
69,National 2 - Group A,France,https://media.api-sports.io/football/leagues/67.png,,2026-09-24 13:48:10.778378+06:30,,f,999,FR,api-football,League,,1634063603,67
70,National 2 - Group B,France,https://media.api-sports.io/football/leagues/68.png,,2026-09-24 13:48:10.778378+06:30,,f,999,FR,api-football,League,,1634063603,68
71,National 2 - Group C,France,https://media.api-sports.io/football/leagues/69.png,,2026-09-24 13:48:10.778378+06:30,,f,999,FR,api-football,League,,1634063603,69
72,National 2 - Group D,France,https://media.api-sports.io/football/leagues/70.png,,2026-09-24 13:48:10.778378+06:30,,f,999,FR,api-football,League,,1634063603,70
73,Premier League,Egypt,https://media.api-sports.io/football/leagues/233.png,,2026-09-24 13:48:10.778378+06:30,,f,999,EG,api-football,League,,1177930067,233
74,Primera Division,El-Salvador,https://media.api-sports.io/football/leagues/370.png,,2026-09-24 13:48:10.778378+06:30,,f,999,SV,api-football,League,,166939286,370
75,Esiliiga A,Estonia,https://media.api-sports.io/football/leagues/328.png,,2026-09-24 13:48:10.778378+06:30,,f,999,EE,api-football,League,,1549965490,328
76,Meistriliiga,Estonia,https://media.api-sports.io/football/leagues/329.png,,2026-09-24 13:48:10.778378+06:30,,f,999,EE,api-football,League,,1549965490,329
77,Erovnuli Liga 2,Georgia,https://media.api-sports.io/football/leagues/326.png,,2026-09-24 13:48:10.778378+06:30,,f,999,GE,api-football,League,,1087232045,326
78,Premier League,Ghana,https://media.api-sports.io/football/leagues/570.png,,2026-09-24 13:48:10.778378+06:30,,f,999,GH,api-football,League,,241191387,570
79,Division d'Honneur,Guadeloupe,https://media.api-sports.io/football/leagues/377.png,,2026-09-24 13:48:10.778378+06:30,,f,999,GP,api-football,League,,2106027168,377
80,Liga Nacional,Guatemala,https://media.api-sports.io/football/leagues/339.png,,2026-09-24 13:48:10.778378+06:30,,f,999,GT,api-football,League,,746085744,339
81,Primera Division,Guatemala,https://media.api-sports.io/football/leagues/338.png,,2026-09-24 13:48:10.778378+06:30,,f,999,GT,api-football,League,,746085744,338
82,Cup,Greece,https://media.api-sports.io/football/leagues/199.png,,2026-09-24 13:48:10.778378+06:30,,f,999,GR,api-football,Cup,,1086173280,199
83,Football League,Greece,https://media.api-sports.io/football/leagues/198.png,,2026-09-24 13:48:10.778378+06:30,,f,999,GR,api-football,League,,1086173280,198
84,Super League 1,Greece,https://media.api-sports.io/football/leagues/197.png,,2026-09-24 13:48:10.778378+06:30,,f,999,GR,api-football,League,,1086173280,197
85,2. Bundesliga,Germany,https://media.api-sports.io/football/leagues/79.png,,2026-09-24 13:48:10.778378+06:30,,f,999,DE,api-football,League,,686765747,79
86,3. Liga,Germany,https://media.api-sports.io/football/leagues/80.png,,2026-09-24 13:48:10.778378+06:30,,f,999,DE,api-football,League,,686765747,80
87,Super Cup,Germany,https://media.api-sports.io/football/leagues/529.png,,2026-09-24 13:48:10.778378+06:30,,f,999,DE,api-football,Cup,,686765747,529
88,DFB Pokal,Germany,https://media.api-sports.io/football/leagues/81.png,,2026-09-24 13:48:10.778378+06:30,,f,999,DE,api-football,Cup,,686765747,81
89,UEFA Champions League,World,https://media.api-sports.io/football/leagues/2.png,,2026-09-24 13:48:10.778378+06:30,,f,999,,api-football,Cup,,2105094199,2
90,1st Division,Albania,https://media.api-sports.io/football/leagues/311.png,,2026-09-24 13:48:10.778378+06:30,,f,999,AL,api-football,League,,855890680,311
91,Superliga,Albania,https://media.api-sports.io/football/leagues/310.png,,2026-09-24 13:48:10.778378+06:30,,f,999,AL,api-football,League,,855890680,310
92,Ligue 1,Algeria,https://media.api-sports.io/football/leagues/186.png,,2026-09-24 13:48:10.778378+06:30,,f,999,DZ,api-football,League,,1240792518,186
93,Ligue 2,Algeria,https://media.api-sports.io/football/leagues/187.png,,2026-09-24 13:48:10.778378+06:30,,f,999,DZ,api-football,League,,1240792518,187
94,2nd Division - Group A,Albania,https://media.api-sports.io/football/leagues/512.png,,2026-09-24 13:48:10.778378+06:30,,f,999,AL,api-football,League,,855890680,512
95,2nd Division - Group B,Albania,https://media.api-sports.io/football/leagues/513.png,,2026-09-24 13:48:10.778378+06:30,,f,999,AL,api-football,League,,855890680,513
96,1a Divisió,Andorra,https://media.api-sports.io/football/leagues/312.png,,2026-09-24 13:48:10.778378+06:30,,f,999,AD,api-football,League,,1151291534,312
97,2a Divisió,Andorra,https://media.api-sports.io/football/leagues/313.png,,2026-09-24 13:48:10.778378+06:30,,f,999,AD,api-football,League,,1151291534,313
98,Primera B Metropolitana,Argentina,https://media.api-sports.io/football/leagues/131.png,,2026-09-24 13:48:10.778378+06:30,,f,999,AR,api-football,League,,710061511,131
99,Primera Nacional,Argentina,https://media.api-sports.io/football/leagues/129.png,,2026-09-24 13:48:10.778378+06:30,,f,999,AR,api-football,League,,710061511,129
100,Primera C,Argentina,https://media.api-sports.io/football/leagues/132.png,,2026-09-24 13:48:10.778378+06:30,,f,999,AR,api-football,League,,710061511,132
101,Primera D,Argentina,https://media.api-sports.io/football/leagues/133.png,,2026-09-24 13:48:10.778378+06:30,,f,999,AR,api-football,League,,710061511,133
102,Torneo Federal A,Argentina,https://media.api-sports.io/football/leagues/134.png,,2026-09-24 13:48:10.778378+06:30,,f,999,AR,api-football,League,,710061511,134
103,A-League,Australia,https://media.api-sports.io/football/leagues/188.png,,2026-09-24 13:48:10.778378+06:30,,f,999,AU,api-football,League,,2066371799,188
104,Brisbane Premier League,Australia,https://media.api-sports.io/football/leagues/191.png,,2026-09-24 13:48:10.778378+06:30,,f,999,AU,api-football,League,,2066371799,191
105,Northern Territory Premier League,Australia,https://media.api-sports.io/football/leagues/193.png,,2026-09-24 13:48:10.778378+06:30,,f,999,AU,api-football,League,,2066371799,193
106,Cup,Austria,https://media.api-sports.io/football/leagues/220.png,,2026-09-24 13:48:10.778378+06:30,,f,999,AT,api-football,Cup,,1825620582,220
107,2. Liga,Austria,https://media.api-sports.io/football/leagues/219.png,,2026-09-24 13:48:10.778378+06:30,,f,999,AT,api-football,League,,1825620582,219
108,Bundesliga,Austria,https://media.api-sports.io/football/leagues/218.png,,2026-09-24 13:48:10.778378+06:30,,f,999,AT,api-football,League,,1825620582,218
109,Birinci Dasta,Azerbaijan,https://media.api-sports.io/football/leagues/418.png,,2026-09-24 13:48:10.778378+06:30,,f,999,AZ,api-football,League,,1644851705,418
110,Premyer Liqa,Azerbaijan,https://media.api-sports.io/football/leagues/419.png,,2026-09-24 13:48:10.778378+06:30,,f,999,AZ,api-football,League,,1644851705,419
111,Regionalliga - Mitte,Austria,https://media.api-sports.io/football/leagues/222.png,,2026-09-24 13:48:10.778378+06:30,,f,999,AT,api-football,League,,1825620582,222
112,Regionalliga - Ost,Austria,https://media.api-sports.io/football/leagues/221.png,,2026-09-24 13:48:10.778378+06:30,,f,999,AT,api-football,League,,1825620582,221
113,Regionalliga - West,Austria,https://media.api-sports.io/football/leagues/223.png,,2026-09-24 13:48:10.778378+06:30,,f,999,AT,api-football,League,,1825620582,223
114,Premier League,Wales,https://media.api-sports.io/football/leagues/110.png,,2026-09-24 13:48:10.778378+06:30,,f,999,GB-WLS,api-football,League,,1856459534,110
115,Welsh Cup,Wales,https://media.api-sports.io/football/leagues/112.png,,2026-09-24 13:48:10.778378+06:30,,f,999,GB-WLS,api-football,Cup,,1856459534,112
116,Primera División,Venezuela,https://media.api-sports.io/football/leagues/299.png,,2026-09-24 13:48:10.778378+06:30,,f,999,VE,api-football,League,,1717199147,299
117,Segunda División,Venezuela,https://media.api-sports.io/football/leagues/300.png,,2026-09-24 13:48:10.778378+06:30,,f,999,VE,api-football,League,,1717199147,300
118,Professional League,Oman,https://media.api-sports.io/football/leagues/406.png,,2026-09-24 13:48:10.778378+06:30,,f,999,OM,api-football,League,,759398355,406
119,Premier League,Jamaica,https://media.api-sports.io/football/leagues/322.png,,2026-09-24 13:48:10.778378+06:30,,f,999,JM,api-football,League,,1996555705,322
120,League,Jordan,https://media.api-sports.io/football/leagues/387.png,,2026-09-24 13:48:10.778378+06:30,,f,999,JO,api-football,League,,1366112123,387
121,1. Division,Kazakhstan,https://media.api-sports.io/football/leagues/388.png,,2026-09-24 13:48:10.778378+06:30,,f,999,KZ,api-football,League,,1647100066,388
122,CECAFA Senior Challenge Cup,World,https://media.api-sports.io/football/leagues/535.png,,2026-09-24 13:48:10.778378+06:30,,f,999,,api-football,Cup,,2105094199,535
123,Girabola,Angola,https://media.api-sports.io/football/leagues/397.png,,2026-09-24 13:48:10.778378+06:30,,f,999,AO,api-football,League,,1709227332,397
124,First League,Armenia,https://media.api-sports.io/football/leagues/343.png,,2026-09-24 13:48:10.778378+06:30,,f,999,AM,api-football,League,,927254051,343
125,Premier League,Armenia,https://media.api-sports.io/football/leagues/342.png,,2026-09-24 13:48:10.778378+06:30,,f,999,AM,api-football,League,,927254051,342
126,Northern NSW NPL,Australia,https://media.api-sports.io/football/leagues/481.png,,2026-09-24 13:48:10.778378+06:30,,f,999,AU,api-football,League,,2066371799,481
127,Premier League,Belarus,https://media.api-sports.io/football/leagues/116.png,,2026-09-24 13:48:10.778378+06:30,,f,999,BY,api-football,League,,2042419461,116
128,1. Division,Belarus,https://media.api-sports.io/football/leagues/117.png,,2026-09-24 13:48:10.778378+06:30,,f,999,BY,api-football,League,,2042419461,117
129,2. Division,Belarus,https://media.api-sports.io/football/leagues/118.png,,2026-09-24 13:48:10.778378+06:30,,f,999,BY,api-football,League,,2042419461,118
130,Super League,Zambia,https://media.api-sports.io/football/leagues/400.png,,2026-09-24 13:48:10.778378+06:30,,f,999,ZM,api-football,League,,1604598462,400
131,V.League 1,Vietnam,https://media.api-sports.io/football/leagues/340.png,,2026-09-24 13:48:10.778378+06:30,,f,999,VN,api-football,League,,1603247667,340
132,Emperor Cup,Japan,https://media.api-sports.io/football/leagues/102.png,,2026-09-24 13:48:10.778378+06:30,,f,999,JP,api-football,Cup,,1468978596,102
133,J-League Cup,Japan,https://media.api-sports.io/football/leagues/101.png,,2026-09-24 13:48:10.778378+06:30,,f,999,JP,api-football,Cup,,1468978596,101
134,J1 League,Japan,https://media.api-sports.io/football/leagues/98.png,,2026-09-24 13:48:10.778378+06:30,,f,999,JP,api-football,League,,1468978596,98
135,J2 League,Japan,https://media.api-sports.io/football/leagues/99.png,,2026-09-24 13:48:10.778378+06:30,,f,999,JP,api-football,League,,1468978596,99
136,J3 League,Japan,https://media.api-sports.io/football/leagues/100.png,,2026-09-24 13:48:10.778378+06:30,,f,999,JP,api-football,League,,1468978596,100
137,Premier League,Barbados,https://media.api-sports.io/football/leagues/422.png,,2026-09-24 13:48:10.778378+06:30,,f,999,BB,api-football,League,,209492754,422
138,Olympics Men,World,https://media.api-sports.io/football/leagues/480.png,,2026-09-24 13:48:10.778378+06:30,,f,999,,api-football,Cup,,2105094199,480
139,Super Cup,Turkey,https://media.api-sports.io/football/leagues/551.png,,2026-09-24 13:48:10.778378+06:30,,f,999,TR,api-football,Cup,,1534531403,551
140,1. Deild,Faroe-Islands,https://media.api-sports.io/football/leagues/366.png,,2026-09-24 13:48:10.778378+06:30,,f,999,FO,api-football,League,,1329684340,366
141,Meistaradeildin,Faroe-Islands,https://media.api-sports.io/football/leagues/367.png,,2026-09-24 13:48:10.778378+06:30,,f,999,FO,api-football,League,,1329684340,367
142,Ykkönen,Finland,https://media.api-sports.io/football/leagues/245.png,,2026-09-24 13:48:10.778378+06:30,,f,999,FI,api-football,League,,1662862570,245
143,Veikkausliiga,Finland,https://media.api-sports.io/football/leagues/244.png,,2026-09-24 13:48:10.778378+06:30,,f,999,FI,api-football,League,,1662862570,244
144,Suomen Cup,Finland,https://media.api-sports.io/football/leagues/246.png,,2026-09-24 13:48:10.778378+06:30,,f,999,FI,api-football,Cup,,1662862570,246
145,Kakkonen - Lohko A,Finland,https://media.api-sports.io/football/leagues/247.png,,2026-09-24 13:48:10.778378+06:30,,f,999,FI,api-football,League,,1662862570,247
146,Kakkonen - Lohko B,Finland,https://media.api-sports.io/football/leagues/248.png,,2026-09-24 13:48:10.778378+06:30,,f,999,FI,api-football,League,,1662862570,248
147,Kakkonen - Lohko C,Finland,https://media.api-sports.io/football/leagues/249.png,,2026-09-24 13:48:10.778378+06:30,,f,999,FI,api-football,League,,1662862570,249
148,Trophée des Champions,France,https://media.api-sports.io/football/leagues/526.png,,2026-09-24 13:48:10.778378+06:30,,f,999,FR,api-football,Cup,,1634063603,526
149,Liga Pro,Ecuador,https://media.api-sports.io/football/leagues/242.png,,2026-09-24 13:48:10.778378+06:30,,f,999,EC,api-football,League,,726276149,242
150,Liga Pro Serie B,Ecuador,https://media.api-sports.io/football/leagues/243.png,,2026-09-24 13:48:10.778378+06:30,,f,999,EC,api-football,League,,726276149,243
151,Super Cup,Egypt,https://media.api-sports.io/football/leagues/539.png,,2026-09-24 13:48:10.778378+06:30,,f,999,EG,api-football,Cup,,1177930067,539
152,Premier League,Kazakhstan,https://media.api-sports.io/football/leagues/389.png,,2026-09-24 13:48:10.778378+06:30,,f,999,KZ,api-football,League,,1647100066,389
153,FKF Premier League,Kenya,https://media.api-sports.io/football/leagues/276.png,,2026-09-24 13:48:10.778378+06:30,,f,999,KE,api-football,League,,1467912287,276
154,DBU Pokalen,Denmark,https://media.api-sports.io/football/leagues/121.png,,2026-09-24 13:48:10.778378+06:30,,f,999,DK,api-football,Cup,,1765234433,121
155,Ligue Haïtienne,Haiti,https://media.api-sports.io/football/leagues/379.png,,2026-09-24 13:48:10.778378+06:30,,f,999,HT,api-football,League,,129077380,379
156,1. Liga,Latvia,https://media.api-sports.io/football/leagues/364.png,,2026-09-24 13:48:10.778378+06:30,,f,999,LV,api-football,League,,2111298265,364
157,Virsliga,Latvia,https://media.api-sports.io/football/leagues/365.png,,2026-09-24 13:48:10.778378+06:30,,f,999,LV,api-football,League,,2111298265,365
158,1 Lyga,Lithuania,https://media.api-sports.io/football/leagues/361.png,,2026-09-24 13:48:10.778378+06:30,,f,999,LT,api-football,League,,334489957,361
159,A Lyga,Lithuania,https://media.api-sports.io/football/leagues/362.png,,2026-09-24 13:48:10.778378+06:30,,f,999,LT,api-football,League,,334489957,362
160,Community Shield,England,https://media.api-sports.io/football/leagues/528.png,,2026-09-24 13:48:10.778378+06:30,,f,999,GB-ENG,api-football,Cup,,1955094987,528
161,Serie B,Brazil,https://media.api-sports.io/football/leagues/72.png,,2026-09-24 13:48:10.778378+06:30,,f,999,BR,api-football,League,,1851761881,72
162,Serie C,Brazil,https://media.api-sports.io/football/leagues/75.png,,2026-09-24 13:48:10.778378+06:30,,f,999,BR,api-football,League,,1851761881,75
163,Serie D,Brazil,https://media.api-sports.io/football/leagues/76.png,,2026-09-24 13:48:10.778378+06:30,,f,999,BR,api-football,League,,1851761881,76
164,Premier League,Uganda,https://media.api-sports.io/football/leagues/585.png,,2026-09-24 13:48:10.778378+06:30,,f,999,UG,api-football,League,,287287159,585
165,Première Division,Mali,https://media.api-sports.io/football/leagues/598.png,,2026-09-24 13:48:10.778378+06:30,,f,999,ML,api-football,League,,1400034419,598
166,Major League Soccer,USA,https://media.api-sports.io/football/leagues/253.png,,2026-09-24 13:48:10.778378+06:30,,f,999,US,api-football,League,,765801221,253
167,US Open Cup,USA,https://media.api-sports.io/football/leagues/257.png,,2026-09-24 13:48:10.778378+06:30,,f,999,US,api-football,Cup,,765801221,257
168,Primera División,Uruguay,https://media.api-sports.io/football/leagues/268.png,,2026-09-24 13:48:10.778378+06:30,,f,999,UY,api-football,League,,289582172,268
169,Primera División - Clausura,Uruguay,https://media.api-sports.io/football/leagues/270.png,,2026-09-24 13:48:10.778378+06:30,,f,999,UY,api-football,League,,289582172,270
170,Super League,Uzbekistan,https://media.api-sports.io/football/leagues/369.png,,2026-09-24 13:48:10.778378+06:30,,f,999,UZ,api-football,League,,706431846,369
171,Thai League 1,Thailand,https://media.api-sports.io/football/leagues/296.png,,2026-09-24 13:48:10.778378+06:30,,f,999,TH,api-football,League,,109656347,296
172,Thai League 2,Thailand,https://media.api-sports.io/football/leagues/297.png,,2026-09-24 13:48:10.778378+06:30,,f,999,TH,api-football,League,,109656347,297
173,League Cup,Singapore,https://media.api-sports.io/football/leagues/505.png,,2026-09-24 13:48:10.778378+06:30,,f,999,SG,api-football,Cup,,1394180023,505
174,Division di Honor,Aruba,https://media.api-sports.io/football/leagues/421.png,,2026-09-24 13:48:10.778378+06:30,,f,999,AW,api-football,League,,715092106,421
175,Cup,Azerbaijan,https://media.api-sports.io/football/leagues/420.png,,2026-09-24 13:48:10.778378+06:30,,f,999,AZ,api-football,Cup,,1644851705,420
176,FA Cup,Thailand,https://media.api-sports.io/football/leagues/298.png,,2026-09-24 13:48:10.778378+06:30,,f,999,TH,api-football,Cup,,109656347,298
177,SAFF Championship,World,https://media.api-sports.io/football/leagues/28.png,,2026-09-24 13:48:10.778378+06:30,,f,999,,api-football,Cup,,2105094199,28
178,National Football League,Fiji,https://media.api-sports.io/football/leagues/376.png,,2026-09-24 13:48:10.778378+06:30,,f,999,FJ,api-football,League,,1743736644,376
179,Feminine Division 1,France,https://media.api-sports.io/football/leagues/64.png,,2026-09-24 13:48:10.778378+06:30,,f,999,FR,api-football,League,,1634063603,64
180,UEFA Europa League,World,https://media.api-sports.io/football/leagues/3.png,,2026-09-24 13:48:10.778378+06:30,,f,999,,api-football,Cup,,2105094199,3
181,Erovnuli Liga,Georgia,https://media.api-sports.io/football/leagues/327.png,,2026-09-24 13:48:10.778378+06:30,,f,999,GE,api-football,League,,1087232045,327
182,Ligue 1,Guinea,https://media.api-sports.io/football/leagues/378.png,,2026-09-24 13:48:10.778378+06:30,,f,999,GN,api-football,League,,1033949473,378
183,AFC Challenge Cup,World,https://media.api-sports.io/football/leagues/807.png,,2026-09-24 13:48:10.778378+06:30,,f,999,,api-football,Cup,,2105094199,807
184,African Nations Championship,World,https://media.api-sports.io/football/leagues/19.png,,2026-09-24 13:48:10.778378+06:30,,f,999,,api-football,Cup,,2105094199,19
185,ASEAN Championship,World,https://media.api-sports.io/football/leagues/24.png,,2026-09-24 13:48:10.778378+06:30,,f,999,,api-football,Cup,,2105094199,24
186,World Cup - Qualification Intercontinental Play-offs,World,https://media.api-sports.io/football/leagues/37.png,,2026-09-24 13:48:10.778378+06:30,,f,999,,api-football,Cup,,2105094199,37
187,Acreano,Brazil,https://media.api-sports.io/football/leagues/520.png,,2026-09-24 13:48:10.778378+06:30,,f,999,BR,api-football,League,,1851761881,520
188,Super Cup,Italy,https://media.api-sports.io/football/leagues/547.png,,2026-09-24 13:48:10.778378+06:30,,f,999,IT,api-football,Cup,,984919096,547
189,2. Division,Denmark,https://media.api-sports.io/football/leagues/122.png,,2026-09-24 13:48:10.778378+06:30,,f,999,DK,api-football,League,,1765234433,122
190,2nd Division - Group 2,Denmark,https://media.api-sports.io/football/leagues/123.png,,2026-09-24 13:48:10.778378+06:30,,f,999,DK,api-football,League,,1765234433,123
191,Ligi kuu Bara,Tanzania,https://media.api-sports.io/football/leagues/567.png,,2026-09-24 13:48:10.778378+06:30,,f,999,TZ,api-football,League,,1829209952,567
192,USL Championship,USA,https://media.api-sports.io/football/leagues/255.png,,2026-09-24 13:48:10.778378+06:30,,f,999,US,api-football,League,,765801221,255
193,Liga Profesional Argentina,Argentina,https://media.api-sports.io/football/leagues/128.png,,2026-09-24 13:48:10.778378+06:30,,f,999,AR,api-football,League,,710061511,128
194,Africa Cup of Nations,World,https://media.api-sports.io/football/leagues/6.png,,2026-09-24 13:48:10.778378+06:30,,f,999,,api-football,Cup,,2105094199,6
195,Copa America,World,https://media.api-sports.io/football/leagues/9.png,,2026-09-24 13:48:10.778378+06:30,,f,999,,api-football,Cup,,2105094199,9
196,Premier League,Ethiopia,https://media.api-sports.io/football/leagues/363.png,,2026-09-24 13:48:10.778378+06:30,,f,999,ET,api-football,League,,577326018,363
197,Super Cup,Belgium,https://media.api-sports.io/football/leagues/519.png,,2026-09-24 13:48:10.778378+06:30,,f,999,BE,api-football,Cup,,1945764105,519
198,Super Cup,Chile,https://media.api-sports.io/football/leagues/527.png,,2026-09-24 13:48:10.778378+06:30,,f,999,CL,api-football,Cup,,2100392006,527
199,League One,Scotland,https://media.api-sports.io/football/leagues/183.png,,2026-09-24 13:48:10.778378+06:30,,f,999,GB-SCT,api-football,League,,818809674,183
200,League Two,Scotland,https://media.api-sports.io/football/leagues/184.png,,2026-09-24 13:48:10.778378+06:30,,f,999,GB-SCT,api-football,League,,818809674,184
201,CONCACAF Gold Cup,World,https://media.api-sports.io/football/leagues/22.png,,2026-09-24 13:48:10.778378+06:30,,f,999,,api-football,Cup,,2105094199,22
202,EAFF E-1 Football Championship,World,https://media.api-sports.io/football/leagues/23.png,,2026-09-24 13:48:10.778378+06:30,,f,999,,api-football,Cup,,2105094199,23
203,OFC Champions League,World,https://media.api-sports.io/football/leagues/27.png,,2026-09-24 13:48:10.778378+06:30,,f,999,,api-football,Cup,,2105094199,27
204,Super Cup,Czech-Republic,https://media.api-sports.io/football/leagues/925.png,,2026-09-24 13:48:10.778378+06:30,,f,999,CZ,api-football,Cup,,49633419,925
205,CONCACAF Champions League,World,https://media.api-sports.io/football/leagues/16.png,,2026-09-24 13:48:10.778378+06:30,,f,999,,api-football,Cup,,2105094199,16
206,AFC Champions League Elite,World,https://media.api-sports.io/football/leagues/17.png,,2026-09-24 13:48:10.778378+06:30,,f,999,,api-football,Cup,,2105094199,17
207,Gulf Cup of Nations,World,https://media.api-sports.io/football/leagues/25.png,,2026-09-24 13:48:10.778378+06:30,,f,999,,api-football,Cup,,2105094199,25
208,International Champions Cup,World,https://media.api-sports.io/football/leagues/26.png,,2026-09-24 13:48:10.778378+06:30,,f,999,,api-football,Cup,,2105094199,26
209,1st League - RS,Bosnia,https://media.api-sports.io/football/leagues/317.png,,2026-09-24 13:48:10.778378+06:30,,f,999,BA,api-football,League,,275179499,317
210,1st League - FBiH,Bosnia,https://media.api-sports.io/football/leagues/316.png,,2026-09-24 13:48:10.778378+06:30,,f,999,BA,api-football,League,,275179499,316
211,K3 League,South-Korea,https://media.api-sports.io/football/leagues/295.png,,2026-09-24 13:48:10.778378+06:30,,f,999,KR,api-football,League,,554716355,295
212,Segunda División,Spain,https://media.api-sports.io/football/leagues/141.png,,2026-09-24 13:48:10.778378+06:30,,f,999,ES,api-football,League,,390583474,141
213,Serie B,Italy,https://media.api-sports.io/football/leagues/136.png,,2026-09-24 13:48:10.778378+06:30,,f,999,IT,api-football,League,,984919096,136
214,Eliteserien,Norway,https://media.api-sports.io/football/leagues/103.png,,2026-09-24 13:48:10.778378+06:30,,f,999,NO,api-football,League,,1726383440,103
215,Eerste Divisie,Netherlands,https://media.api-sports.io/football/leagues/89.png,,2026-09-24 13:48:10.778378+06:30,,f,999,NL,api-football,League,,1629702244,89
216,Segunda Liga,Portugal,https://media.api-sports.io/football/leagues/95.png,,2026-09-24 13:48:10.778378+06:30,,f,999,PT,api-football,League,,772729455,95
217,Allsvenskan,Sweden,https://media.api-sports.io/football/leagues/113.png,,2026-09-24 13:48:10.778378+06:30,,f,999,SE,api-football,League,,149237477,113
218,Primera División,Costa-Rica,https://media.api-sports.io/football/leagues/162.png,,2026-09-24 13:48:10.778378+06:30,,f,999,CR,api-football,League,,112128789,162
219,Úrvalsdeild,Iceland,https://media.api-sports.io/football/leagues/164.png,,2026-09-24 13:48:10.778378+06:30,,f,999,IS,api-football,League,,51801311,164
220,Super League,China,https://media.api-sports.io/football/leagues/169.png,,2026-09-24 13:48:10.778378+06:30,,f,999,CN,api-football,League,,175995811,169
221,Coppa Italia,Italy,https://media.api-sports.io/football/leagues/137.png,,2026-09-24 13:48:10.778378+06:30,,f,999,IT,api-football,Cup,,984919096,137
222,Botola Pro,Morocco,https://media.api-sports.io/football/leagues/200.png,,2026-09-24 13:48:10.778378+06:30,,f,999,MA,api-football,League,,561737311,200
223,Super League,Switzerland,https://media.api-sports.io/football/leagues/207.png,,2026-09-24 13:48:10.778378+06:30,,f,999,CH,api-football,League,,228349791,207
224,HNL,Croatia,https://media.api-sports.io/football/leagues/210.png,,2026-09-24 13:48:10.778378+06:30,,f,999,HR,api-football,League,,645283928,210
225,Premier League,Russia,https://media.api-sports.io/football/leagues/235.png,,2026-09-24 13:48:10.778378+06:30,,f,999,RU,api-football,League,,476208328,235
226,Primera A,Colombia,https://media.api-sports.io/football/leagues/239.png,,2026-09-24 13:48:10.778378+06:30,,f,999,CO,api-football,League,,625239938,239
227,Division Profesional - Apertura,Paraguay,https://media.api-sports.io/football/leagues/250.png,,2026-09-24 13:48:10.778378+06:30,,f,999,PY,api-football,League,,1001373656,250
228,Copa Do Brasil,Brazil,https://media.api-sports.io/football/leagues/73.png,,2026-09-24 13:48:10.778378+06:30,,f,999,BR,api-football,Cup,,1851761881,73
229,KNVB Beker,Netherlands,https://media.api-sports.io/football/leagues/90.png,,2026-09-24 13:48:10.778378+06:30,,f,999,NL,api-football,Cup,,1629702244,90
230,Challenger Pro League,Belgium,https://media.api-sports.io/football/leagues/145.png,,2026-09-24 13:48:10.778378+06:30,,f,999,BE,api-football,League,,1945764105,145
231,Second League,Bulgaria,https://media.api-sports.io/football/leagues/173.png,,2026-09-24 13:48:10.778378+06:30,,f,999,BG,api-football,League,,1532957764,173
232,League One,China,https://media.api-sports.io/football/leagues/170.png,,2026-09-24 13:48:10.778378+06:30,,f,999,CN,api-football,League,,175995811,170
233,Capital Territory NPL,Australia,https://media.api-sports.io/football/leagues/189.png,,2026-09-24 13:48:10.778378+06:30,,f,999,AU,api-football,League,,2066371799,189
234,Primera B,Colombia,https://media.api-sports.io/football/leagues/240.png,,2026-09-24 13:48:10.778378+06:30,,f,999,CO,api-football,League,,625239938,240
235,First NL,Croatia,https://media.api-sports.io/football/leagues/211.png,,2026-09-24 13:48:10.778378+06:30,,f,999,HR,api-football,League,,645283928,211
236,Serie C - Girone A,Italy,https://media.api-sports.io/football/leagues/138.png,,2026-09-24 13:48:10.778378+06:30,,f,999,IT,api-football,League,,984919096,138
237,Super League Women,Belgium,https://media.api-sports.io/football/leagues/146.png,,2026-09-24 13:48:10.778378+06:30,,f,999,BE,api-football,League,,1945764105,146
238,Brasileiro Women,Brazil,https://media.api-sports.io/football/leagues/74.png,,2026-09-24 13:48:10.778378+06:30,,f,999,BR,api-football,League,,1851761881,74
239,FA WSL,England,https://media.api-sports.io/football/leagues/44.png,,2026-09-24 13:48:10.778378+06:30,,f,999,GB-ENG,api-football,League,,1955094987,44
240,Frauen Bundesliga,Germany,https://media.api-sports.io/football/leagues/82.png,,2026-09-24 13:48:10.778378+06:30,,f,999,DE,api-football,League,,686765747,82
241,Serie A Women,Italy,https://media.api-sports.io/football/leagues/139.png,,2026-09-24 13:48:10.778378+06:30,,f,999,IT,api-football,League,,984919096,139
242,Eredivisie Women,Netherlands,https://media.api-sports.io/football/leagues/91.png,,2026-09-24 13:48:10.778378+06:30,,f,999,NL,api-football,League,,1629702244,91
243,Primera División Femenina,Spain,https://media.api-sports.io/football/leagues/142.png,,2026-09-24 13:48:10.778378+06:30,,f,999,ES,api-football,League,,390583474,142
244,Copa Argentina,Argentina,https://media.api-sports.io/football/leagues/130.png,,2026-09-24 13:48:10.778378+06:30,,f,999,AR,api-football,Cup,,710061511,130
245,A-League Women,Australia,https://media.api-sports.io/football/leagues/190.png,,2026-09-24 13:48:10.778378+06:30,,f,999,AU,api-football,League,,2066371799,190
246,First League,Russia,https://media.api-sports.io/football/leagues/236.png,,2026-09-24 13:48:10.778378+06:30,,f,999,RU,api-football,League,,476208328,236
247,1. Deild,Iceland,https://media.api-sports.io/football/leagues/165.png,,2026-09-24 13:48:10.778378+06:30,,f,999,IS,api-football,League,,51801311,165
248,Division Intermedia,Paraguay,https://media.api-sports.io/football/leagues/251.png,,2026-09-24 13:48:10.778378+06:30,,f,999,PY,api-football,League,,1001373656,251
249,1. Division,Norway,https://media.api-sports.io/football/leagues/104.png,,2026-09-24 13:48:10.778378+06:30,,f,999,NO,api-football,League,,1726383440,104
250,Superettan,Sweden,https://media.api-sports.io/football/leagues/114.png,,2026-09-24 13:48:10.778378+06:30,,f,999,SE,api-football,League,,149237477,114
251,Challenge League,Switzerland,https://media.api-sports.io/football/leagues/208.png,,2026-09-24 13:48:10.778378+06:30,,f,999,CH,api-football,League,,228349791,208
252,Liga MX,Mexico,https://media.api-sports.io/football/leagues/262.png,,2026-09-24 13:48:10.778378+06:30,,f,999,MX,api-football,League,,1323288868,262
253,Liga de Expansión MX,Mexico,https://media.api-sports.io/football/leagues/263.png,,2026-09-24 13:48:10.778378+06:30,,f,999,MX,api-football,League,,1323288868,263
254,Canadian Championship,Canada,https://media.api-sports.io/football/leagues/259.png,,2026-09-24 13:48:10.778378+06:30,,f,999,CA,api-football,Cup,,1118493379,259
255,Super League,Malaysia,https://media.api-sports.io/football/leagues/278.png,,2026-09-24 13:48:10.778378+06:30,,f,999,MY,api-football,League,,1210777268,278
256,Premier League,Malaysia,https://media.api-sports.io/football/leagues/279.png,,2026-09-24 13:48:10.778378+06:30,,f,999,MY,api-football,League,,1210777268,279
257,Premiership,New-Zealand,https://media.api-sports.io/football/leagues/280.png,,2026-09-24 13:48:10.778378+06:30,,f,999,NZ,api-football,League,,1952917739,280
258,Primera División,Peru,https://media.api-sports.io/football/leagues/281.png,,2026-09-24 13:48:10.778378+06:30,,f,999,PE,api-football,League,,854081946,281
259,Segunda División,Peru,https://media.api-sports.io/football/leagues/282.png,,2026-09-24 13:48:10.778378+06:30,,f,999,PE,api-football,League,,854081946,282
260,Liga I,Romania,https://media.api-sports.io/football/leagues/283.png,,2026-09-24 13:48:10.778378+06:30,,f,999,RO,api-football,League,,151347096,283
261,Liga II,Romania,https://media.api-sports.io/football/leagues/284.png,,2026-09-24 13:48:10.778378+06:30,,f,999,RO,api-football,League,,151347096,284
262,Super Liga,Serbia,https://media.api-sports.io/football/leagues/286.png,,2026-09-24 13:48:10.778378+06:30,,f,999,RS,api-football,League,,596014133,286
263,Prva Liga,Serbia,https://media.api-sports.io/football/leagues/287.png,,2026-09-24 13:48:10.778378+06:30,,f,999,RS,api-football,League,,596014133,287
264,Premier Soccer League,South-Africa,https://media.api-sports.io/football/leagues/288.png,,2026-09-24 13:48:10.778378+06:30,,f,999,ZA,api-football,League,,1357748937,288
265,1st Division,South-Africa,https://media.api-sports.io/football/leagues/289.png,,2026-09-24 13:48:10.778378+06:30,,f,999,ZA,api-football,League,,1357748937,289
266,Persian Gulf Pro League,Iran,https://media.api-sports.io/football/leagues/290.png,,2026-09-24 13:48:10.778378+06:30,,f,999,IR,api-football,League,,1862958422,290
267,Azadegan League,Iran,https://media.api-sports.io/football/leagues/291.png,,2026-09-24 13:48:10.778378+06:30,,f,999,IR,api-football,League,,1862958422,291
268,K League 1,South-Korea,https://media.api-sports.io/football/leagues/292.png,,2026-09-24 13:48:10.778378+06:30,,f,999,KR,api-football,League,,554716355,292
269,K League 2,South-Korea,https://media.api-sports.io/football/leagues/293.png,,2026-09-24 13:48:10.778378+06:30,,f,999,KR,api-football,League,,554716355,293
270,Pro League,Saudi-Arabia,https://media.api-sports.io/football/leagues/307.png,,2026-09-24 13:48:10.778378+06:30,,f,999,SA,api-football,League,,660825839,307
271,Division 1,Saudi-Arabia,https://media.api-sports.io/football/leagues/308.png,,2026-09-24 13:48:10.778378+06:30,,f,999,SA,api-football,League,,660825839,308
272,Division 2,Saudi-Arabia,https://media.api-sports.io/football/leagues/309.png,,2026-09-24 13:48:10.778378+06:30,,f,999,SA,api-football,League,,660825839,309
273,Denmark Series - Group 4,Denmark,https://media.api-sports.io/football/leagues/127.png,,2026-09-24 13:48:10.778378+06:30,,f,999,DK,api-football,League,,1765234433,127
274,Ettan - Norra,Sweden,https://media.api-sports.io/football/leagues/563.png,,2026-09-24 13:48:10.778378+06:30,,f,999,SE,api-football,League,,149237477,563
275,Ettan - Södra,Sweden,https://media.api-sports.io/football/leagues/564.png,,2026-09-24 13:48:10.778378+06:30,,f,999,SE,api-football,League,,149237477,564
276,Premier League,Kyrgyzstan,https://media.api-sports.io/football/leagues/569.png,,2026-09-24 13:48:10.778378+06:30,,f,999,KG,api-football,League,,779982136,569
277,Division 2 - Norra Götaland,Sweden,https://media.api-sports.io/football/leagues/592.png,,2026-09-24 13:48:10.778378+06:30,,f,999,SE,api-football,League,,149237477,592
278,Division 2 - Norra Svealand,Sweden,https://media.api-sports.io/football/leagues/593.png,,2026-09-24 13:48:10.778378+06:30,,f,999,SE,api-football,League,,149237477,593
279,Division 2 - Norrland,Sweden,https://media.api-sports.io/football/leagues/594.png,,2026-09-24 13:48:10.778378+06:30,,f,999,SE,api-football,League,,149237477,594
280,Division 2 - Södra Svealand,Sweden,https://media.api-sports.io/football/leagues/595.png,,2026-09-24 13:48:10.778378+06:30,,f,999,SE,api-football,League,,149237477,595
281,Division 2 - Västra Götaland,Sweden,https://media.api-sports.io/football/leagues/596.png,,2026-09-24 13:48:10.778378+06:30,,f,999,SE,api-football,League,,149237477,596
282,Division 2 - Södra Götaland,Sweden,https://media.api-sports.io/football/leagues/597.png,,2026-09-24 13:48:10.778378+06:30,,f,999,SE,api-football,League,,149237477,597
283,Cup,Tunisia,https://media.api-sports.io/football/leagues/511.png,,2026-09-24 13:48:10.778378+06:30,,f,999,TN,api-football,Cup,,1795685710,511
284,Division Profesional - Clausura,Paraguay,https://media.api-sports.io/football/leagues/252.png,,2026-09-24 13:48:10.778378+06:30,,f,999,PY,api-football,League,,1001373656,252
285,2. Deild,Iceland,https://media.api-sports.io/football/leagues/166.png,,2026-09-24 13:48:10.778378+06:30,,f,999,IS,api-football,League,,51801311,166
286,Premier League,Singapore,https://media.api-sports.io/football/leagues/368.png,,2026-09-24 13:48:10.778378+06:30,,f,999,SG,api-football,League,,1394180023,368
287,Cup,Bosnia,https://media.api-sports.io/football/leagues/314.png,,2026-09-24 13:48:10.778378+06:30,,f,999,BA,api-football,Cup,,275179499,314
288,Premijer Liga,Bosnia,https://media.api-sports.io/football/leagues/315.png,,2026-09-24 13:48:10.778378+06:30,,f,999,BA,api-football,League,,275179499,315
289,First League,Macedonia,https://media.api-sports.io/football/leagues/371.png,,2026-09-24 13:48:10.778378+06:30,,f,999,MK,api-football,League,,500217614,371
290,Liga Leumit,Israel,https://media.api-sports.io/football/leagues/382.png,,2026-09-24 13:48:10.778378+06:30,,f,999,IL,api-football,League,,1065637047,382
291,Ligat Ha'al,Israel,https://media.api-sports.io/football/leagues/383.png,,2026-09-24 13:48:10.778378+06:30,,f,999,IL,api-football,League,,1065637047,383
292,Ligue 1,Ivory-Coast,https://media.api-sports.io/football/leagues/386.png,,2026-09-24 13:48:10.778378+06:30,,f,999,CI,api-football,League,,1680972760,386
293,Challenge League,Malta,https://media.api-sports.io/football/leagues/392.png,,2026-09-24 13:48:10.778378+06:30,,f,999,MT,api-football,League,,1376424040,392
294,Premier League,Malta,https://media.api-sports.io/football/leagues/393.png,,2026-09-24 13:48:10.778378+06:30,,f,999,MT,api-football,League,,1376424040,393
295,Super Liga,Moldova,https://media.api-sports.io/football/leagues/394.png,,2026-09-24 13:48:10.778378+06:30,,f,999,MD,api-football,League,,451931898,394
296,Primera Division,Nicaragua,https://media.api-sports.io/football/leagues/396.png,,2026-09-24 13:48:10.778378+06:30,,f,999,NI,api-football,League,,4443683,396
297,Taça de Portugal,Portugal,https://media.api-sports.io/football/leagues/96.png,,2026-09-24 13:48:10.778378+06:30,,f,999,PT,api-football,Cup,,772729455,96
298,NPFL,Nigeria,https://media.api-sports.io/football/leagues/399.png,,2026-09-24 13:48:10.778378+06:30,,f,999,NG,api-football,League,,1903432011,399
299,Premier Soccer League,Zimbabwe,https://media.api-sports.io/football/leagues/401.png,,2026-09-24 13:48:10.778378+06:30,,f,999,ZW,api-football,League,,1973836564,401
300,Sudani Premier League,Sudan,https://media.api-sports.io/football/leagues/402.png,,2026-09-24 13:48:10.778378+06:30,,f,999,SD,api-football,League,,1607215015,402
301,Ligue 1,Senegal,https://media.api-sports.io/football/leagues/403.png,,2026-09-24 13:48:10.778378+06:30,,f,999,SN,api-football,League,,1394320536,403
302,Campionato,San-Marino,https://media.api-sports.io/football/leagues/404.png,,2026-09-24 13:48:10.778378+06:30,,f,999,SM,api-football,League,,2090089376,404
303,Elite One,Cameroon,https://media.api-sports.io/football/leagues/411.png,,2026-09-24 13:48:10.778378+06:30,,f,999,CM,api-football,League,,371313594,411
304,C-League,Cambodia,https://media.api-sports.io/football/leagues/410.png,,2026-09-24 13:48:10.778378+06:30,,f,999,KH,api-football,League,,2079473643,410
305,Premier League,Bahrain,https://media.api-sports.io/football/leagues/417.png,,2026-09-24 13:48:10.778378+06:30,,f,999,BH,api-football,League,,397905019,417
306,Championnat National,Benin,https://media.api-sports.io/football/leagues/415.png,,2026-09-24 13:48:10.778378+06:30,,f,999,BJ,api-football,League,,521924618,415
307,Premier League,Bermuda,https://media.api-sports.io/football/leagues/414.png,,2026-09-24 13:48:10.778378+06:30,,f,999,BM,api-football,League,,153445647,414
308,Super League,Bhutan,https://media.api-sports.io/football/leagues/413.png,,2026-09-24 13:48:10.778378+06:30,,f,999,BT,api-football,League,,1786022839,413
309,Premier League,Botswana,https://media.api-sports.io/football/leagues/412.png,,2026-09-24 13:48:10.778378+06:30,,f,999,BW,api-football,League,,471346499,412
310,Premier League,Bangladesh,https://media.api-sports.io/football/leagues/398.png,,2026-09-24 13:48:10.778378+06:30,,f,999,BD,api-football,League,,880527812,398
311,Hazfi Cup,Iran,https://media.api-sports.io/football/leagues/495.png,,2026-09-24 13:48:10.778378+06:30,,f,999,IR,api-football,Cup,,1862958422,495
312,Liga Alef,Israel,https://media.api-sports.io/football/leagues/496.png,,2026-09-24 13:48:10.778378+06:30,,f,999,IL,api-football,League,,1065637047,496
313,2. liga,Slovakia,https://media.api-sports.io/football/leagues/506.png,,2026-09-24 13:48:10.778378+06:30,,f,999,SK,api-football,League,,1984575888,506
314,Coupe Nationale,Algeria,https://media.api-sports.io/football/leagues/514.png,,2026-09-24 13:48:10.778378+06:30,,f,999,DZ,api-football,Cup,,1240792518,514
315,Amapaense,Brazil,https://media.api-sports.io/football/leagues/521.png,,2026-09-24 13:48:10.778378+06:30,,f,999,BR,api-football,League,,1851761881,521
316,Amazonense,Brazil,https://media.api-sports.io/football/leagues/522.png,,2026-09-24 13:48:10.778378+06:30,,f,999,BR,api-football,League,,1851761881,522
317,Olympics Women,World,https://media.api-sports.io/football/leagues/524.png,,2026-09-24 13:48:10.778378+06:30,,f,999,,api-football,Cup,,2105094199,524
318,UEFA Super Cup,World,https://media.api-sports.io/football/leagues/531.png,,2026-09-24 13:48:10.778378+06:30,,f,999,,api-football,Cup,,2105094199,531
319,Super Cup,Netherlands,https://media.api-sports.io/football/leagues/543.png,,2026-09-24 13:48:10.778378+06:30,,f,999,NL,api-football,Cup,,1629702244,543
320,Super Cup,Portugal,https://media.api-sports.io/football/leagues/550.png,,2026-09-24 13:48:10.778378+06:30,,f,999,PT,api-football,Cup,,772729455,550
321,Supercupa,Romania,https://media.api-sports.io/football/leagues/555.png,,2026-09-24 13:48:10.778378+06:30,,f,999,RO,api-football,Cup,,151347096,555
322,Super Cup,Spain,https://media.api-sports.io/football/leagues/556.png,,2026-09-24 13:48:10.778378+06:30,,f,999,ES,api-football,Cup,,390583474,556
323,Japan Football League,Japan,https://media.api-sports.io/football/leagues/497.png,,2026-09-24 13:48:10.778378+06:30,,f,999,JP,api-football,League,,1468978596,497
324,Copa Centroamericana,World,https://media.api-sports.io/football/leagues/805.png,,2026-09-24 13:48:10.778378+06:30,,f,999,,api-football,Cup,,2105094199,805
325,OFC Nations Cup,World,https://media.api-sports.io/football/leagues/806.png,,2026-09-24 13:48:10.778378+06:30,,f,999,,api-football,Cup,,2105094199,806
326,U19 Bundesliga,Germany,https://media.api-sports.io/football/leagues/488.png,,2026-09-24 13:48:10.778378+06:30,,f,999,DE,api-football,League,,686765747,488
327,Division 1,Kuwait,https://media.api-sports.io/football/leagues/331.png,,2026-09-24 13:48:10.778378+06:30,,f,999,KW,api-football,League,,831496405,331
328,Premier League,Libya,https://media.api-sports.io/football/leagues/584.png,,2026-09-24 13:48:10.778378+06:30,,f,999,LY,api-football,League,,324345539,584
329,Taiwan Football Premier League,Chinese-Taipei,https://media.api-sports.io/football/leagues/589.png,,2026-09-24 13:48:10.778378+06:30,,f,999,TW,api-football,League,,807616203,589
330,UEFA Youth League,World,https://media.api-sports.io/football/leagues/14.png,,2026-09-24 13:48:10.778378+06:30,,f,999,,api-football,League,,2105094199,14
331,AFC Champions League Two,World,https://media.api-sports.io/football/leagues/18.png,,2026-09-24 13:48:10.778378+06:30,,f,999,,api-football,Cup,,2105094199,18
332,CAF Confederation Cup,World,https://media.api-sports.io/football/leagues/20.png,,2026-09-24 13:48:10.778378+06:30,,f,999,,api-football,Cup,,2105094199,20
333,UEFA U21 Championship,World,https://media.api-sports.io/football/leagues/38.png,,2026-09-24 13:48:10.778378+06:30,,f,999,,api-football,Cup,,2105094199,38
334,Premier League,Syria,https://media.api-sports.io/football/leagues/425.png,,2026-09-24 13:48:10.778378+06:30,,f,999,SY,api-football,League,,719665445,425
335,Alagoano,Brazil,https://media.api-sports.io/football/leagues/77.png,,2026-09-24 13:48:10.778378+06:30,,f,999,BR,api-football,Cup,,1851761881,77
336,Druha Liga - Group B,Ukraine,https://media.api-sports.io/football/leagues/337.png,,2026-09-24 13:48:10.778378+06:30,,f,999,UA,api-football,League,,1259279705,337
337,League Cup,Scotland,https://media.api-sports.io/football/leagues/185.png,,2026-09-24 13:48:10.778378+06:30,,f,999,GB-SCT,api-football,Cup,,818809674,185
338,World Cup - U20,World,https://media.api-sports.io/football/leagues/490.png,,2026-09-24 13:48:10.778378+06:30,,f,999,,api-football,Cup,,2105094199,490
339,Canadian Soccer League,Canada,https://media.api-sports.io/football/leagues/258.png,,2026-09-24 13:48:10.778378+06:30,,f,999,CA,api-football,League,,1118493379,258
340,Liga 1,Indonesia,https://media.api-sports.io/football/leagues/274.png,,2026-09-24 13:48:10.778378+06:30,,f,999,ID,api-football,League,,1302514080,274
341,Liga Panameña de Fútbol,Panama,https://media.api-sports.io/football/leagues/304.png,,2026-09-24 13:48:10.778378+06:30,,f,999,PA,api-football,League,,541199366,304
342,China Cup,World,https://media.api-sports.io/football/leagues/766.png,,2026-09-24 13:48:10.778378+06:30,,f,999,,api-football,Cup,,2105094199,766
343,Second League,Macedonia,https://media.api-sports.io/football/leagues/372.png,,2026-09-24 13:48:10.778378+06:30,,f,999,MK,api-football,League,,500217614,372
344,Cup,Bulgaria,https://media.api-sports.io/football/leagues/174.png,,2026-09-24 13:48:10.778378+06:30,,f,999,BG,api-football,Cup,,1532957764,174
345,Friendlies,World,https://media.api-sports.io/football/leagues/10.png,,2026-09-24 13:48:10.778378+06:30,,f,999,,api-football,Cup,,2105094199,10
346,Tweede Divisie,Netherlands,https://media.api-sports.io/football/leagues/492.png,,2026-09-24 13:48:10.778378+06:30,,f,999,NL,api-football,League,,1629702244,492
347,Cup,Kazakhstan,https://media.api-sports.io/football/leagues/498.png,,2026-09-24 13:48:10.778378+06:30,,f,999,KZ,api-football,Cup,,1647100066,498
348,King's Cup,Saudi-Arabia,https://media.api-sports.io/football/leagues/504.png,,2026-09-24 13:48:10.778378+06:30,,f,999,SA,api-football,Cup,,660825839,504
349,Cup,South-Africa,https://media.api-sports.io/football/leagues/507.png,,2026-09-24 13:48:10.778378+06:30,,f,999,ZA,api-football,Cup,,1357748937,507
350,League Cup,South-Africa,https://media.api-sports.io/football/leagues/508.png,,2026-09-24 13:48:10.778378+06:30,,f,999,ZA,api-football,Cup,,1357748937,508
351,1. Liga Promotion,Switzerland,https://media.api-sports.io/football/leagues/510.png,,2026-09-24 13:48:10.778378+06:30,,f,999,CH,api-football,League,,228349791,510
352,League Cup,Northern-Ireland,https://media.api-sports.io/football/leagues/559.png,,2026-09-24 13:48:10.778378+06:30,,f,999,GB-NIR,api-football,Cup,,1533787710,559
353,Presidents Cup,United-Arab-Emirates,https://media.api-sports.io/football/leagues/560.png,,2026-09-24 13:48:10.778378+06:30,,f,999,AE,api-football,Cup,,1519936961,560
354,Premier Intermediate League,Northern-Ireland,https://media.api-sports.io/football/leagues/561.png,,2026-09-24 13:48:10.778378+06:30,,f,999,GB-NIR,api-football,League,,1533787710,561
355,Championship,Northern-Ireland,https://media.api-sports.io/football/leagues/407.png,,2026-09-24 13:48:10.778378+06:30,,f,999,GB-NIR,api-football,League,,1533787710,407
356,Premiership,Northern-Ireland,https://media.api-sports.io/football/leagues/408.png,,2026-09-24 13:48:10.778378+06:30,,f,999,GB-NIR,api-football,League,,1533787710,408
357,Crown Prince Cup,Saudi-Arabia,https://media.api-sports.io/football/leagues/827.png,,2026-09-24 13:48:10.778378+06:30,,f,999,SA,api-football,Cup,,660825839,827
358,Serie C - Girone B,Italy,https://media.api-sports.io/football/leagues/942.png,,2026-09-24 13:48:10.778378+06:30,,f,999,IT,api-football,League,,984919096,942
359,Serie C - Girone C,Italy,https://media.api-sports.io/football/leagues/943.png,,2026-09-24 13:48:10.778378+06:30,,f,999,IT,api-football,League,,984919096,943
360,UEFA U19 Championship,World,https://media.api-sports.io/football/leagues/493.png,,2026-09-24 13:48:10.778378+06:30,,f,999,,api-football,Cup,,2105094199,493
361,Malaysia Cup,Malaysia,https://media.api-sports.io/football/leagues/499.png,,2026-09-24 13:48:10.778378+06:30,,f,999,MY,api-football,Cup,,1210777268,499
362,Super Cup,Algeria,https://media.api-sports.io/football/leagues/516.png,,2026-09-24 13:48:10.778378+06:30,,f,999,DZ,api-football,Cup,,1240792518,516
363,CONCACAF U20,World,https://media.api-sports.io/football/leagues/537.png,,2026-09-24 13:48:10.778378+06:30,,f,999,,api-football,Cup,,2105094199,537
364,FA Cup,Hong-Kong,https://media.api-sports.io/football/leagues/544.png,,2026-09-24 13:48:10.778378+06:30,,f,999,HK,api-football,Cup,,454375341,544
365,AIFF Super Cup,India,https://media.api-sports.io/football/leagues/545.png,,2026-09-24 13:48:10.778378+06:30,,f,999,IN,api-football,Cup,,296321908,545
366,Super Cup,Norway,https://media.api-sports.io/football/leagues/557.png,,2026-09-24 13:48:10.778378+06:30,,f,999,NO,api-football,Cup,,1726383440,557
367,Cupa României,Romania,https://media.api-sports.io/football/leagues/285.png,,2026-09-24 13:48:10.778378+06:30,,f,999,RO,api-football,Cup,,151347096,285
368,Cup,Cyprus,https://media.api-sports.io/football/leagues/321.png,,2026-09-24 13:48:10.778378+06:30,,f,999,CY,api-football,Cup,,1835583439,321
369,World Cup - Qualification CONCACAF,World,https://media.api-sports.io/football/leagues/31.png,,2026-09-24 13:48:10.778378+06:30,,f,999,,api-football,Cup,,2105094199,31
370,World Cup - Qualification Europe,World,https://media.api-sports.io/football/leagues/32.png,,2026-09-24 13:48:10.778378+06:30,,f,999,,api-football,Cup,,2105094199,32
371,World Cup - Qualification Oceania,World,https://media.api-sports.io/football/leagues/33.png,,2026-09-24 13:48:10.778378+06:30,,f,999,,api-football,Cup,,2105094199,33
372,World Cup - Qualification South America,World,https://media.api-sports.io/football/leagues/34.png,,2026-09-24 13:48:10.778378+06:30,,f,999,,api-football,Cup,,2105094199,34
373,World Cup - Qualification Africa,World,https://media.api-sports.io/football/leagues/29.png,,2026-09-24 13:48:10.778378+06:30,,f,999,,api-football,Cup,,2105094199,29
374,World Cup - Qualification Asia,World,https://media.api-sports.io/football/leagues/30.png,,2026-09-24 13:48:10.778378+06:30,,f,999,,api-football,Cup,,2105094199,30
375,Second Amateur Division - VFV A,Belgium,https://media.api-sports.io/football/leagues/149.png,,2026-09-24 13:48:10.778378+06:30,,f,999,BE,api-football,League,,1945764105,149
376,Second Amateur Division - VFV B,Belgium,https://media.api-sports.io/football/leagues/150.png,,2026-09-24 13:48:10.778378+06:30,,f,999,BE,api-football,League,,1945764105,150
377,Third Amateur Division - VFV A,Belgium,https://media.api-sports.io/football/leagues/151.png,,2026-09-24 13:48:10.778378+06:30,,f,999,BE,api-football,League,,1945764105,151
378,Third Amateur Division - VFV B,Belgium,https://media.api-sports.io/football/leagues/152.png,,2026-09-24 13:48:10.778378+06:30,,f,999,BE,api-football,League,,1945764105,152
379,Third League - Northeast,Bulgaria,https://media.api-sports.io/football/leagues/175.png,,2026-09-24 13:48:10.778378+06:30,,f,999,BG,api-football,League,,1532957764,175
380,Third League - Northwest,Bulgaria,https://media.api-sports.io/football/leagues/176.png,,2026-09-24 13:48:10.778378+06:30,,f,999,BG,api-football,League,,1532957764,176
381,Third League - Southeast,Bulgaria,https://media.api-sports.io/football/leagues/177.png,,2026-09-24 13:48:10.778378+06:30,,f,999,BG,api-football,League,,1532957764,177
382,Third League - Southwest,Bulgaria,https://media.api-sports.io/football/leagues/178.png,,2026-09-24 13:48:10.778378+06:30,,f,999,BG,api-football,League,,1532957764,178
383,National League - Play-offs,England,https://media.api-sports.io/football/leagues/49.png,,2026-09-24 13:48:10.778378+06:30,,f,999,GB-ENG,api-football,League,,1955094987,49
384,Løgmanssteypid,Faroe-Islands,https://media.api-sports.io/football/leagues/491.png,,2026-09-24 13:48:10.778378+06:30,,f,999,FO,api-football,Cup,,1329684340,491
385,Super Cup,Georgia,https://media.api-sports.io/football/leagues/530.png,,2026-09-24 13:48:10.778378+06:30,,f,999,GE,api-football,Cup,,1087232045,530
386,Czech Liga,Czech-Republic,https://media.api-sports.io/football/leagues/345.png,,2026-09-24 13:48:10.778378+06:30,,f,999,CZ,api-football,League,,49633419,345
387,FNL,Czech-Republic,https://media.api-sports.io/football/leagues/346.png,,2026-09-24 13:48:10.778378+06:30,,f,999,CZ,api-football,League,,49633419,346
388,First League,Montenegro,https://media.api-sports.io/football/leagues/355.png,,2026-09-24 13:48:10.778378+06:30,,f,999,ME,api-football,League,,2099004590,355
389,Second League,Montenegro,https://media.api-sports.io/football/leagues/356.png,,2026-09-24 13:48:10.778378+06:30,,f,999,ME,api-football,League,,2099004590,356
390,Primera División,Bolivia,https://media.api-sports.io/football/leagues/344.png,,2026-09-24 13:48:10.778378+06:30,,f,999,BO,api-football,League,,1987582945,344
391,USL League Two,USA,https://media.api-sports.io/football/leagues/256.png,,2026-09-24 13:48:10.778378+06:30,,f,999,US,api-football,League,,765801221,256
392,1. SNL,Slovenia,https://media.api-sports.io/football/leagues/373.png,,2026-09-24 13:48:10.778378+06:30,,f,999,SI,api-football,League,,2137358490,373
393,2. SNL,Slovenia,https://media.api-sports.io/football/leagues/374.png,,2026-09-24 13:48:10.778378+06:30,,f,999,SI,api-football,League,,2137358490,374
394,Super League,Malawi,https://media.api-sports.io/football/leagues/391.png,,2026-09-24 13:48:10.778378+06:30,,f,999,MW,api-football,League,,1757610897,391
395,Copa del Rey,Spain,https://media.api-sports.io/football/leagues/143.png,,2026-09-24 13:48:10.778378+06:30,,f,999,ES,api-football,Cup,,390583474,143
396,National Soccer League,Rwanda,https://media.api-sports.io/football/leagues/405.png,,2026-09-24 13:48:10.778378+06:30,,f,999,RW,api-football,League,,1078530513,405
397,Premier League,Namibia,https://media.api-sports.io/football/leagues/409.png,,2026-09-24 13:48:10.778378+06:30,,f,999,NA,api-football,League,,1588824195,409
398,Premier League,Belize,https://media.api-sports.io/football/leagues/416.png,,2026-09-24 13:48:10.778378+06:30,,f,999,BZ,api-football,League,,1224090043,416
399,Cup,Croatia,https://media.api-sports.io/football/leagues/212.png,,2026-09-24 13:48:10.778378+06:30,,f,999,HR,api-football,Cup,,645283928,212
400,State Cup,Israel,https://media.api-sports.io/football/leagues/384.png,,2026-09-24 13:48:10.778378+06:30,,f,999,IL,api-football,Cup,,1065637047,384
401,Ekstraklasa,Poland,https://media.api-sports.io/football/leagues/106.png,,2026-09-24 13:48:10.778378+06:30,,f,999,PL,api-football,League,,1862845917,106
402,First League,Bulgaria,https://media.api-sports.io/football/leagues/172.png,,2026-09-24 13:48:10.778378+06:30,,f,999,BG,api-football,League,,1532957764,172
403,UEFA Nations League,World,https://media.api-sports.io/football/leagues/5.png,,2026-09-24 13:48:10.778378+06:30,,f,999,,api-football,Cup,,2105094199,5
404,Liga de Ascenso,Costa-Rica,https://media.api-sports.io/football/leagues/163.png,,2026-09-24 13:48:10.778378+06:30,,f,999,CR,api-football,League,,112128789,163
405,FAW Championship,Wales,https://media.api-sports.io/football/leagues/111.png,,2026-09-24 13:48:10.778378+06:30,,f,999,GB-WLS,api-football,League,,1856459534,111
406,Primera División,Chile,https://media.api-sports.io/football/leagues/265.png,,2026-09-24 13:48:10.778378+06:30,,f,999,CL,api-football,League,,2100392006,265
407,Primera B,Chile,https://media.api-sports.io/football/leagues/266.png,,2026-09-24 13:48:10.778378+06:30,,f,999,CL,api-football,League,,2100392006,266
408,Super League,Kenya,https://media.api-sports.io/football/leagues/277.png,,2026-09-24 13:48:10.778378+06:30,,f,999,KE,api-football,League,,1467912287,277
409,1. Division,Cyprus,https://media.api-sports.io/football/leagues/318.png,,2026-09-24 13:48:10.778378+06:30,,f,999,CY,api-football,League,,1835583439,318
410,2. Division,Cyprus,https://media.api-sports.io/football/leagues/319.png,,2026-09-24 13:48:10.778378+06:30,,f,999,CY,api-football,League,,1835583439,319
411,3. Division,Cyprus,https://media.api-sports.io/football/leagues/320.png,,2026-09-24 13:48:10.778378+06:30,,f,999,CY,api-football,League,,1835583439,320
412,Botola 2,Morocco,https://media.api-sports.io/football/leagues/201.png,,2026-09-24 13:48:10.778378+06:30,,f,999,MA,api-football,League,,561737311,201
413,Indian Super League,India,https://media.api-sports.io/football/leagues/323.png,,2026-09-24 13:48:10.778378+06:30,,f,999,IN,api-football,League,,296321908,323
414,I-League,India,https://media.api-sports.io/football/leagues/324.png,,2026-09-24 13:48:10.778378+06:30,,f,999,IN,api-football,League,,296321908,324
415,I Liga,Poland,https://media.api-sports.io/football/leagues/107.png,,2026-09-24 13:48:10.778378+06:30,,f,999,PL,api-football,League,,1862845917,107
416,Super Liga,Slovakia,https://media.api-sports.io/football/leagues/332.png,,2026-09-24 13:48:10.778378+06:30,,f,999,SK,api-football,League,,1984575888,332
417,Piala Indonesia,Indonesia,https://media.api-sports.io/football/leagues/718.png,,2026-09-24 13:48:10.778378+06:30,,f,999,ID,api-football,Cup,,1302514080,718
418,CONCACAF Nations League - Qualification,World,https://media.api-sports.io/football/leagues/808.png,,2026-09-24 13:48:10.778378+06:30,,f,999,,api-football,Cup,,2105094199,808
419,FA Women's Cup,England,https://media.api-sports.io/football/leagues/698.png,,2026-09-24 13:48:10.778378+06:30,,f,999,GB-ENG,api-football,Cup,,1955094987,698
420,Cup,Egypt,https://media.api-sports.io/football/leagues/714.png,,2026-09-24 13:48:10.778378+06:30,,f,999,EG,api-football,Cup,,1177930067,714
421,Senior Shield,Hong-Kong,https://media.api-sports.io/football/leagues/716.png,,2026-09-24 13:48:10.778378+06:30,,f,999,HK,api-football,Cup,,454375341,716
422,Arab Club Champions Cup,World,https://media.api-sports.io/football/leagues/768.png,,2026-09-24 13:48:10.778378+06:30,,f,999,,api-football,Cup,,2105094199,768
423,Premier League Asia Trophy,World,https://media.api-sports.io/football/leagues/769.png,,2026-09-24 13:48:10.778378+06:30,,f,999,,api-football,Cup,,2105094199,769
424,Pacific Games,World,https://media.api-sports.io/football/leagues/770.png,,2026-09-24 13:48:10.778378+06:30,,f,999,,api-football,Cup,,2105094199,770
425,Leagues Cup,World,https://media.api-sports.io/football/leagues/772.png,,2026-09-24 13:48:10.778378+06:30,,f,999,,api-football,Cup,,2105094199,772
426,Sudamericano U20,World,https://media.api-sports.io/football/leagues/773.png,,2026-09-24 13:48:10.778378+06:30,,f,999,,api-football,Cup,,2105094199,773
427,Kvindeliga,Denmark,https://media.api-sports.io/football/leagues/638.png,,2026-09-24 13:48:10.778378+06:30,,f,999,DK,api-football,League,,1765234433,638
428,Curaçao Sekshon Pagá,Curacao,https://media.api-sports.io/football/leagues/642.png,,2026-09-24 13:48:10.778378+06:30,,f,999,CW,api-football,League,,792021402,642
429,Copa Constitució,Andorra,https://media.api-sports.io/football/leagues/655.png,,2026-09-24 13:48:10.778378+06:30,,f,999,AD,api-football,Cup,,1151291534,655
430,Superliga,Kosovo,https://media.api-sports.io/football/leagues/664.png,,2026-09-24 13:48:10.778378+06:30,,f,999,XK,api-football,League,,515162668,664
431,Cup,Kosovo,https://media.api-sports.io/football/leagues/665.png,,2026-09-24 13:48:10.778378+06:30,,f,999,XK,api-football,Cup,,515162668,665
432,QSL Cup,Qatar,https://media.api-sports.io/football/leagues/677.png,,2026-09-24 13:48:10.778378+06:30,,f,999,QA,api-football,Cup,,2106369147,677
433,Super League 2,Greece,https://media.api-sports.io/football/leagues/494.png,,2026-09-24 13:48:10.778378+06:30,,f,999,GR,api-football,League,,1086173280,494
434,Copa Paraguay,Paraguay,https://media.api-sports.io/football/leagues/501.png,,2026-09-24 13:48:10.778378+06:30,,f,999,PY,api-football,Cup,,1001373656,501
435,Copa Bicentenario,Peru,https://media.api-sports.io/football/leagues/502.png,,2026-09-24 13:48:10.778378+06:30,,f,999,PE,api-football,Cup,,854081946,502
436,Copa Perú,Peru,https://media.api-sports.io/football/leagues/503.png,,2026-09-24 13:48:10.778378+06:30,,f,999,PE,api-football,Cup,,854081946,503
437,8 Cup,South-Africa,https://media.api-sports.io/football/leagues/509.png,,2026-09-24 13:48:10.778378+06:30,,f,999,ZA,api-football,Cup,,1357748937,509
438,U21 League 1,Algeria,https://media.api-sports.io/football/leagues/515.png,,2026-09-24 13:48:10.778378+06:30,,f,999,DZ,api-football,League,,1240792518,515
439,Trofeo de Campeones de la Superliga,Argentina,https://media.api-sports.io/football/leagues/517.png,,2026-09-24 13:48:10.778378+06:30,,f,999,AR,api-football,Cup,,710061511,517
440,Reserve Pro League,Belgium,https://media.api-sports.io/football/leagues/518.png,,2026-09-24 13:48:10.778378+06:30,,f,999,BE,api-football,League,,1945764105,518
441,NISA,USA,https://media.api-sports.io/football/leagues/523.png,,2026-09-24 13:48:10.778378+06:30,,f,999,US,api-football,League,,765801221,523
442,UEFA Champions League Women,World,https://media.api-sports.io/football/leagues/525.png,,2026-09-24 13:48:10.778378+06:30,,f,999,,api-football,Cup,,2105094199,525
443,CAF Super Cup,World,https://media.api-sports.io/football/leagues/533.png,,2026-09-24 13:48:10.778378+06:30,,f,999,,api-football,Cup,,2105094199,533
444,CONCACAF Caribbean Club Shield,World,https://media.api-sports.io/football/leagues/534.png,,2026-09-24 13:48:10.778378+06:30,,f,999,,api-football,Cup,,2105094199,534
445,FAI President's Cup,Ireland,https://media.api-sports.io/football/leagues/546.png,,2026-09-24 13:48:10.778378+06:30,,f,999,IE,api-football,Cup,,644842787,546
446,Queensland NPL,Australia,https://media.api-sports.io/football/leagues/482.png,,2026-09-24 13:48:10.778378+06:30,,f,999,AU,api-football,League,,2066371799,482
447,Challenge Cup,Scotland,https://media.api-sports.io/football/leagues/182.png,,2026-09-24 13:48:10.778378+06:30,,f,999,GB-SCT,api-football,Cup,,818809674,182
448,Cup,Russia,https://media.api-sports.io/football/leagues/237.png,,2026-09-24 13:48:10.778378+06:30,,f,999,RU,api-football,Cup,,476208328,237
449,Taça da Liga,Portugal,https://media.api-sports.io/football/leagues/97.png,,2026-09-24 13:48:10.778378+06:30,,f,999,PT,api-football,Cup,,772729455,97
450,Cup,Poland,https://media.api-sports.io/football/leagues/108.png,,2026-09-24 13:48:10.778378+06:30,,f,999,PL,api-football,Cup,,1862845917,108
451,NM Cupen,Norway,https://media.api-sports.io/football/leagues/105.png,,2026-09-24 13:48:10.778378+06:30,,f,999,NO,api-football,Cup,,1726383440,105
452,FA Cup,South-Korea,https://media.api-sports.io/football/leagues/294.png,,2026-09-24 13:48:10.778378+06:30,,f,999,KR,api-football,Cup,,554716355,294
453,Santosh Trophy,India,https://media.api-sports.io/football/leagues/325.png,,2026-09-24 13:48:10.778378+06:30,,f,999,IN,api-football,Cup,,296321908,325
454,Cup,Czech-Republic,https://media.api-sports.io/football/leagues/347.png,,2026-09-24 13:48:10.778378+06:30,,f,999,CZ,api-football,Cup,,49633419,347
455,Asian Cup - Qualification,World,https://media.api-sports.io/football/leagues/35.png,,2026-09-24 13:48:10.778378+06:30,,f,999,,api-football,Cup,,2105094199,35
456,Landesliga - Burgenland,Austria,https://media.api-sports.io/football/leagues/224.png,,2026-09-24 13:48:10.778378+06:30,,f,999,AT,api-football,League,,1825620582,224
457,Landesliga - Karnten,Austria,https://media.api-sports.io/football/leagues/225.png,,2026-09-24 13:48:10.778378+06:30,,f,999,AT,api-football,League,,1825620582,225
458,Landesliga - Niederosterreich,Austria,https://media.api-sports.io/football/leagues/226.png,,2026-09-24 13:48:10.778378+06:30,,f,999,AT,api-football,League,,1825620582,226
459,Landesliga - Oberosterreich,Austria,https://media.api-sports.io/football/leagues/227.png,,2026-09-24 13:48:10.778378+06:30,,f,999,AT,api-football,League,,1825620582,227
460,Landesliga - Salzburg,Austria,https://media.api-sports.io/football/leagues/228.png,,2026-09-24 13:48:10.778378+06:30,,f,999,AT,api-football,League,,1825620582,228
461,Landesliga - Steiermark,Austria,https://media.api-sports.io/football/leagues/229.png,,2026-09-24 13:48:10.778378+06:30,,f,999,AT,api-football,League,,1825620582,229
462,Landesliga - Tirol,Austria,https://media.api-sports.io/football/leagues/230.png,,2026-09-24 13:48:10.778378+06:30,,f,999,AT,api-football,League,,1825620582,230
463,Landesliga - Vorarlbergliga,Austria,https://media.api-sports.io/football/leagues/231.png,,2026-09-24 13:48:10.778378+06:30,,f,999,AT,api-football,League,,1825620582,231
464,Landesliga - Wien,Austria,https://media.api-sports.io/football/leagues/232.png,,2026-09-24 13:48:10.778378+06:30,,f,999,AT,api-football,League,,1825620582,232
465,Second Amateur Division - ACFF,Belgium,https://media.api-sports.io/football/leagues/148.png,,2026-09-24 13:48:10.778378+06:30,,f,999,BE,api-football,League,,1945764105,148
466,Provincial - Antwerpen,Belgium,https://media.api-sports.io/football/leagues/153.png,,2026-09-24 13:48:10.778378+06:30,,f,999,BE,api-football,League,,1945764105,153
467,Provincial - Brabant VFV,Belgium,https://media.api-sports.io/football/leagues/154.png,,2026-09-24 13:48:10.778378+06:30,,f,999,BE,api-football,League,,1945764105,154
468,Provincial - Hainaut,Belgium,https://media.api-sports.io/football/leagues/155.png,,2026-09-24 13:48:10.778378+06:30,,f,999,BE,api-football,League,,1945764105,155
469,Provincial - Liege,Belgium,https://media.api-sports.io/football/leagues/156.png,,2026-09-24 13:48:10.778378+06:30,,f,999,BE,api-football,League,,1945764105,156
470,Provincial - Limburg,Belgium,https://media.api-sports.io/football/leagues/157.png,,2026-09-24 13:48:10.778378+06:30,,f,999,BE,api-football,League,,1945764105,157
471,Provincial - Luxembourg,Belgium,https://media.api-sports.io/football/leagues/158.png,,2026-09-24 13:48:10.778378+06:30,,f,999,BE,api-football,League,,1945764105,158
472,Provincial - Namur,Belgium,https://media.api-sports.io/football/leagues/159.png,,2026-09-24 13:48:10.778378+06:30,,f,999,BE,api-football,League,,1945764105,159
473,Provincial - Oost-Vlaanderen,Belgium,https://media.api-sports.io/football/leagues/160.png,,2026-09-24 13:48:10.778378+06:30,,f,999,BE,api-football,League,,1945764105,160
474,Provincial - West-Vlaanderen,Belgium,https://media.api-sports.io/football/leagues/161.png,,2026-09-24 13:48:10.778378+06:30,,f,999,BE,api-football,League,,1945764105,161
475,Ligue 1,Burkina-Faso,https://media.api-sports.io/football/leagues/423.png,,2026-09-24 13:48:10.778378+06:30,,f,999,BF,api-football,League,,184769343,423
476,Ligue 1,Congo-DR,https://media.api-sports.io/football/leagues/424.png,,2026-09-24 13:48:10.778378+06:30,,f,999,CG,api-football,League,,1437632736,424
477,Third NL - Istok,Croatia,https://media.api-sports.io/football/leagues/213.png,,2026-09-24 13:48:10.778378+06:30,,f,999,HR,api-football,League,,645283928,213
478,Third NL - Jug,Croatia,https://media.api-sports.io/football/leagues/214.png,,2026-09-24 13:48:10.778378+06:30,,f,999,HR,api-football,League,,645283928,214
479,Third NL - Sjever,Croatia,https://media.api-sports.io/football/leagues/215.png,,2026-09-24 13:48:10.778378+06:30,,f,999,HR,api-football,League,,645283928,215
480,Third NL - Sredite,Croatia,https://media.api-sports.io/football/leagues/216.png,,2026-09-24 13:48:10.778378+06:30,,f,999,HR,api-football,League,,645283928,216
481,Third NL - Zapad,Croatia,https://media.api-sports.io/football/leagues/217.png,,2026-09-24 13:48:10.778378+06:30,,f,999,HR,api-football,League,,645283928,217
482,3. liga - CFL A,Czech-Republic,https://media.api-sports.io/football/leagues/348.png,,2026-09-24 13:48:10.778378+06:30,,f,999,CZ,api-football,League,,49633419,348
483,3. liga - MSFL,Czech-Republic,https://media.api-sports.io/football/leagues/349.png,,2026-09-24 13:48:10.778378+06:30,,f,999,CZ,api-football,League,,49633419,349
484,4. liga - Divizie A,Czech-Republic,https://media.api-sports.io/football/leagues/350.png,,2026-09-24 13:48:10.778378+06:30,,f,999,CZ,api-football,League,,49633419,350
485,4. liga - Divizie B,Czech-Republic,https://media.api-sports.io/football/leagues/351.png,,2026-09-24 13:48:10.778378+06:30,,f,999,CZ,api-football,League,,49633419,351
486,4. liga - Divizie C,Czech-Republic,https://media.api-sports.io/football/leagues/352.png,,2026-09-24 13:48:10.778378+06:30,,f,999,CZ,api-football,League,,49633419,352
487,4. liga - Divizie D,Czech-Republic,https://media.api-sports.io/football/leagues/353.png,,2026-09-24 13:48:10.778378+06:30,,f,999,CZ,api-football,League,,49633419,353
488,4. liga - Divizie E,Czech-Republic,https://media.api-sports.io/football/leagues/354.png,,2026-09-24 13:48:10.778378+06:30,,f,999,CZ,api-football,League,,49633419,354
489,National League - North,England,https://media.api-sports.io/football/leagues/50.png,,2026-09-24 13:48:10.778378+06:30,,f,999,GB-ENG,api-football,League,,1955094987,50
490,National League - South,England,https://media.api-sports.io/football/leagues/51.png,,2026-09-24 13:48:10.778378+06:30,,f,999,GB-ENG,api-football,League,,1955094987,51
491,Non League Div One - Isthmian North,England,https://media.api-sports.io/football/leagues/52.png,,2026-09-24 13:48:10.778378+06:30,,f,999,GB-ENG,api-football,League,,1955094987,52
492,Non League Div One - Isthmian South Central,England,https://media.api-sports.io/football/leagues/53.png,,2026-09-24 13:48:10.778378+06:30,,f,999,GB-ENG,api-football,League,,1955094987,53
493,Non League Div One - Northern West,England,https://media.api-sports.io/football/leagues/54.png,,2026-09-24 13:48:10.778378+06:30,,f,999,GB-ENG,api-football,League,,1955094987,54
494,Non League Div One - Northern Midlands,England,https://media.api-sports.io/football/leagues/55.png,,2026-09-24 13:48:10.778378+06:30,,f,999,GB-ENG,api-football,League,,1955094987,55
495,Non League Div One - Southern South,England,https://media.api-sports.io/football/leagues/56.png,,2026-09-24 13:48:10.778378+06:30,,f,999,GB-ENG,api-football,League,,1955094987,56
496,Non League Div One - Isthmian South East,England,https://media.api-sports.io/football/leagues/57.png,,2026-09-24 13:48:10.778378+06:30,,f,999,GB-ENG,api-football,League,,1955094987,57
497,Non League Premier - Isthmian,England,https://media.api-sports.io/football/leagues/58.png,,2026-09-24 13:48:10.778378+06:30,,f,999,GB-ENG,api-football,League,,1955094987,58
498,Non League Premier - Northern,England,https://media.api-sports.io/football/leagues/59.png,,2026-09-24 13:48:10.778378+06:30,,f,999,GB-ENG,api-football,League,,1955094987,59
499,Non League Premier - Southern South,England,https://media.api-sports.io/football/leagues/60.png,,2026-09-24 13:48:10.778378+06:30,,f,999,GB-ENG,api-football,League,,1955094987,60
500,Derde Divisie,Netherlands,https://media.api-sports.io/football/leagues/92.png,,2026-09-24 13:48:10.778378+06:30,,f,999,NL,api-football,League,,1629702244,92
501,Derde Divisie - Sunday,Netherlands,https://media.api-sports.io/football/leagues/93.png,,2026-09-24 13:48:10.778378+06:30,,f,999,NL,api-football,League,,1629702244,93
502,II Liga - East,Poland,https://media.api-sports.io/football/leagues/109.png,,2026-09-24 13:48:10.778378+06:30,,f,999,PL,api-football,League,,1862845917,109
503,Cup,Vietnam,https://media.api-sports.io/football/leagues/341.png,,2026-09-24 13:48:10.778378+06:30,,f,999,VN,api-football,Cup,,1603247667,341
504,Youth Championship,Russia,https://media.api-sports.io/football/leagues/238.png,,2026-09-24 13:48:10.778378+06:30,,f,999,RU,api-football,League,,476208328,238
505,Regionalliga - Bayern,Germany,https://media.api-sports.io/football/leagues/83.png,,2026-09-24 13:48:10.778378+06:30,,f,999,DE,api-football,League,,686765747,83
506,Regionalliga - Nord,Germany,https://media.api-sports.io/football/leagues/84.png,,2026-09-24 13:48:10.778378+06:30,,f,999,DE,api-football,League,,686765747,84
507,Regionalliga - Nordost,Germany,https://media.api-sports.io/football/leagues/85.png,,2026-09-24 13:48:10.778378+06:30,,f,999,DE,api-football,League,,686765747,85
508,Regionalliga - SudWest,Germany,https://media.api-sports.io/football/leagues/86.png,,2026-09-24 13:48:10.778378+06:30,,f,999,DE,api-football,League,,686765747,86
509,Regionalliga - West,Germany,https://media.api-sports.io/football/leagues/87.png,,2026-09-24 13:48:10.778378+06:30,,f,999,DE,api-football,League,,686765747,87
510,Serie D - Girone A,Italy,https://media.api-sports.io/football/leagues/426.png,,2026-09-24 13:48:10.778378+06:30,,f,999,IT,api-football,League,,984919096,426
511,Serie D - Girone B,Italy,https://media.api-sports.io/football/leagues/427.png,,2026-09-24 13:48:10.778378+06:30,,f,999,IT,api-football,League,,984919096,427
512,Serie D - Girone C,Italy,https://media.api-sports.io/football/leagues/428.png,,2026-09-24 13:48:10.778378+06:30,,f,999,IT,api-football,League,,984919096,428
513,Serie D - Girone D,Italy,https://media.api-sports.io/football/leagues/429.png,,2026-09-24 13:48:10.778378+06:30,,f,999,IT,api-football,League,,984919096,429
514,Serie D - Girone E,Italy,https://media.api-sports.io/football/leagues/430.png,,2026-09-24 13:48:10.778378+06:30,,f,999,IT,api-football,League,,984919096,430
515,Serie D - Girone F,Italy,https://media.api-sports.io/football/leagues/431.png,,2026-09-24 13:48:10.778378+06:30,,f,999,IT,api-football,League,,984919096,431
516,Serie D - Girone G,Italy,https://media.api-sports.io/football/leagues/432.png,,2026-09-24 13:48:10.778378+06:30,,f,999,IT,api-football,League,,984919096,432
517,Serie D - Girone H,Italy,https://media.api-sports.io/football/leagues/433.png,,2026-09-24 13:48:10.778378+06:30,,f,999,IT,api-football,League,,984919096,433
518,Serie D - Girone I,Italy,https://media.api-sports.io/football/leagues/434.png,,2026-09-24 13:48:10.778378+06:30,,f,999,IT,api-football,League,,984919096,434
519,Primera División RFEF - Group 1,Spain,https://media.api-sports.io/football/leagues/435.png,,2026-09-24 13:48:10.778378+06:30,,f,999,ES,api-football,League,,390583474,435
520,Primera División RFEF - Group 2,Spain,https://media.api-sports.io/football/leagues/436.png,,2026-09-24 13:48:10.778378+06:30,,f,999,ES,api-football,League,,390583474,436
521,Primera División RFEF - Group 3,Spain,https://media.api-sports.io/football/leagues/437.png,,2026-09-24 13:48:10.778378+06:30,,f,999,ES,api-football,League,,390583474,437
522,Primera División RFEF - Group 4,Spain,https://media.api-sports.io/football/leagues/438.png,,2026-09-24 13:48:10.778378+06:30,,f,999,ES,api-football,League,,390583474,438
523,Tercera División RFEF - Group 1,Spain,https://media.api-sports.io/football/leagues/439.png,,2026-09-24 13:48:10.778378+06:30,,f,999,ES,api-football,League,,390583474,439
524,Tercera División RFEF - Group 2,Spain,https://media.api-sports.io/football/leagues/440.png,,2026-09-24 13:48:10.778378+06:30,,f,999,ES,api-football,League,,390583474,440
525,Tercera División RFEF - Group 3,Spain,https://media.api-sports.io/football/leagues/441.png,,2026-09-24 13:48:10.778378+06:30,,f,999,ES,api-football,League,,390583474,441
526,Tercera División RFEF - Group 4,Spain,https://media.api-sports.io/football/leagues/442.png,,2026-09-24 13:48:10.778378+06:30,,f,999,ES,api-football,League,,390583474,442
527,Tercera División RFEF - Group 5,Spain,https://media.api-sports.io/football/leagues/443.png,,2026-09-24 13:48:10.778378+06:30,,f,999,ES,api-football,League,,390583474,443
528,Tercera División RFEF - Group 6,Spain,https://media.api-sports.io/football/leagues/444.png,,2026-09-24 13:48:10.778378+06:30,,f,999,ES,api-football,League,,390583474,444
529,Tercera División RFEF - Group 7,Spain,https://media.api-sports.io/football/leagues/445.png,,2026-09-24 13:48:10.778378+06:30,,f,999,ES,api-football,League,,390583474,445
530,Tercera División RFEF - Group 8,Spain,https://media.api-sports.io/football/leagues/446.png,,2026-09-24 13:48:10.778378+06:30,,f,999,ES,api-football,League,,390583474,446
531,Tercera División RFEF - Group 9,Spain,https://media.api-sports.io/football/leagues/447.png,,2026-09-24 13:48:10.778378+06:30,,f,999,ES,api-football,League,,390583474,447
532,Tercera División RFEF - Group 10,Spain,https://media.api-sports.io/football/leagues/448.png,,2026-09-24 13:48:10.778378+06:30,,f,999,ES,api-football,League,,390583474,448
533,Tercera División RFEF - Group 11,Spain,https://media.api-sports.io/football/leagues/449.png,,2026-09-24 13:48:10.778378+06:30,,f,999,ES,api-football,League,,390583474,449
534,Tercera División RFEF - Group 12,Spain,https://media.api-sports.io/football/leagues/450.png,,2026-09-24 13:48:10.778378+06:30,,f,999,ES,api-football,League,,390583474,450
535,Tercera División RFEF - Group 13,Spain,https://media.api-sports.io/football/leagues/451.png,,2026-09-24 13:48:10.778378+06:30,,f,999,ES,api-football,League,,390583474,451
536,Tercera División RFEF - Group 14,Spain,https://media.api-sports.io/football/leagues/452.png,,2026-09-24 13:48:10.778378+06:30,,f,999,ES,api-football,League,,390583474,452
537,Tercera División RFEF - Group 15,Spain,https://media.api-sports.io/football/leagues/453.png,,2026-09-24 13:48:10.778378+06:30,,f,999,ES,api-football,League,,390583474,453
538,Tercera División RFEF - Group 16,Spain,https://media.api-sports.io/football/leagues/454.png,,2026-09-24 13:48:10.778378+06:30,,f,999,ES,api-football,League,,390583474,454
539,Tercera División RFEF - Group 17,Spain,https://media.api-sports.io/football/leagues/455.png,,2026-09-24 13:48:10.778378+06:30,,f,999,ES,api-football,League,,390583474,455
540,Tercera División RFEF - Group 18,Spain,https://media.api-sports.io/football/leagues/456.png,,2026-09-24 13:48:10.778378+06:30,,f,999,ES,api-football,League,,390583474,456
541,Campeonato de Portugal Prio - Group A,Portugal,https://media.api-sports.io/football/leagues/457.png,,2026-09-24 13:48:10.778378+06:30,,f,999,PT,api-football,League,,772729455,457
542,Campeonato de Portugal Prio - Group B,Portugal,https://media.api-sports.io/football/leagues/458.png,,2026-09-24 13:48:10.778378+06:30,,f,999,PT,api-football,League,,772729455,458
543,Campeonato de Portugal Prio - Group C,Portugal,https://media.api-sports.io/football/leagues/459.png,,2026-09-24 13:48:10.778378+06:30,,f,999,PT,api-football,League,,772729455,459
544,Campeonato de Portugal Prio - Group D,Portugal,https://media.api-sports.io/football/leagues/460.png,,2026-09-24 13:48:10.778378+06:30,,f,999,PT,api-football,League,,772729455,460
545,National 3 - Group A,France,https://media.api-sports.io/football/leagues/461.png,,2026-09-24 13:48:10.778378+06:30,,f,999,FR,api-football,League,,1634063603,461
546,National 3 - Group B,France,https://media.api-sports.io/football/leagues/462.png,,2026-09-24 13:48:10.778378+06:30,,f,999,FR,api-football,League,,1634063603,462
547,National 3 - Group C,France,https://media.api-sports.io/football/leagues/463.png,,2026-09-24 13:48:10.778378+06:30,,f,999,FR,api-football,League,,1634063603,463
548,National 3 - Group D,France,https://media.api-sports.io/football/leagues/464.png,,2026-09-24 13:48:10.778378+06:30,,f,999,FR,api-football,League,,1634063603,464
549,National 3 - Group E,France,https://media.api-sports.io/football/leagues/465.png,,2026-09-24 13:48:10.778378+06:30,,f,999,FR,api-football,League,,1634063603,465
550,National 3 - Group F,France,https://media.api-sports.io/football/leagues/466.png,,2026-09-24 13:48:10.778378+06:30,,f,999,FR,api-football,League,,1634063603,466
551,National 3 - Group H,France,https://media.api-sports.io/football/leagues/467.png,,2026-09-24 13:48:10.778378+06:30,,f,999,FR,api-football,League,,1634063603,467
552,National 3 - Group I,France,https://media.api-sports.io/football/leagues/468.png,,2026-09-24 13:48:10.778378+06:30,,f,999,FR,api-football,League,,1634063603,468
553,National 3 - Group J,France,https://media.api-sports.io/football/leagues/469.png,,2026-09-24 13:48:10.778378+06:30,,f,999,FR,api-football,League,,1634063603,469
554,National 3 - Group K,France,https://media.api-sports.io/football/leagues/470.png,,2026-09-24 13:48:10.778378+06:30,,f,999,FR,api-football,League,,1634063603,470
555,National 3 - Group L,France,https://media.api-sports.io/football/leagues/471.png,,2026-09-24 13:48:10.778378+06:30,,f,999,FR,api-football,League,,1634063603,471
556,National 3 - Group M,France,https://media.api-sports.io/football/leagues/472.png,,2026-09-24 13:48:10.778378+06:30,,f,999,FR,api-football,League,,1634063603,472
557,2. Division - Group 1,Norway,https://media.api-sports.io/football/leagues/473.png,,2026-09-24 13:48:10.778378+06:30,,f,999,NO,api-football,League,,1726383440,473
558,2. Division - Group 2,Norway,https://media.api-sports.io/football/leagues/474.png,,2026-09-24 13:48:10.778378+06:30,,f,999,NO,api-football,League,,1726383440,474
559,Frauenliga,Austria,https://media.api-sports.io/football/leagues/484.png,,2026-09-24 13:48:10.778378+06:30,,f,999,AT,api-football,League,,1825620582,484
560,Federation Cup,Bahrain,https://media.api-sports.io/football/leagues/485.png,,2026-09-24 13:48:10.778378+06:30,,f,999,BH,api-football,Cup,,397905019,485
561,Coppa,Belarus,https://media.api-sports.io/football/leagues/486.png,,2026-09-24 13:48:10.778378+06:30,,f,999,BY,api-football,Cup,,2042419461,486
562,First Amateur Division,Belgium,https://media.api-sports.io/football/leagues/487.png,,2026-09-24 13:48:10.778378+06:30,,f,999,BE,api-football,League,,1945764105,487
563,USL League One,USA,https://media.api-sports.io/football/leagues/489.png,,2026-09-24 13:48:10.778378+06:30,,f,999,US,api-football,League,,765801221,489
564,NWSL Women,USA,https://media.api-sports.io/football/leagues/254.png,,2026-09-24 13:48:10.778378+06:30,,f,999,US,api-football,League,,765801221,254
565,Pacific Coast Soccer League,Canada,https://media.api-sports.io/football/leagues/260.png,,2026-09-24 13:48:10.778378+06:30,,f,999,CA,api-football,League,,1118493379,260
566,Ligue A,Burundi,https://media.api-sports.io/football/leagues/566.png,,2026-09-24 13:48:10.778378+06:30,,f,999,BI,api-football,League,,945042422,566
567,Srpska Liga - Belgrade,Serbia,https://media.api-sports.io/football/leagues/572.png,,2026-09-24 13:48:10.778378+06:30,,f,999,RS,api-football,League,,596014133,572
568,Srpska Liga - Vojvodina,Serbia,https://media.api-sports.io/football/leagues/573.png,,2026-09-24 13:48:10.778378+06:30,,f,999,RS,api-football,League,,596014133,573
569,Srpska Liga - East,Serbia,https://media.api-sports.io/football/leagues/574.png,,2026-09-24 13:48:10.778378+06:30,,f,999,RS,api-football,League,,596014133,574
570,Srpska Liga - West,Serbia,https://media.api-sports.io/football/leagues/575.png,,2026-09-24 13:48:10.778378+06:30,,f,999,RS,api-football,League,,596014133,575
571,Gamma Ethniki - Group 1,Greece,https://media.api-sports.io/football/leagues/576.png,,2026-09-24 13:48:10.778378+06:30,,f,999,GR,api-football,League,,1086173280,576
572,Gamma Ethniki - Group 2,Greece,https://media.api-sports.io/football/leagues/577.png,,2026-09-24 13:48:10.778378+06:30,,f,999,GR,api-football,League,,1086173280,577
573,Gamma Ethniki - Group 3,Greece,https://media.api-sports.io/football/leagues/578.png,,2026-09-24 13:48:10.778378+06:30,,f,999,GR,api-football,League,,1086173280,578
574,Gamma Ethniki - Group 4,Greece,https://media.api-sports.io/football/leagues/579.png,,2026-09-24 13:48:10.778378+06:30,,f,999,GR,api-football,League,,1086173280,579
575,Gamma Ethniki - Group 5,Greece,https://media.api-sports.io/football/leagues/580.png,,2026-09-24 13:48:10.778378+06:30,,f,999,GR,api-football,League,,1086173280,580
576,Gamma Ethniki - Group 6,Greece,https://media.api-sports.io/football/leagues/581.png,,2026-09-24 13:48:10.778378+06:30,,f,999,GR,api-football,League,,1086173280,581
577,Gamma Ethniki - Group 7,Greece,https://media.api-sports.io/football/leagues/582.png,,2026-09-24 13:48:10.778378+06:30,,f,999,GR,api-football,League,,1086173280,582
578,Gamma Ethniki - Group 8,Greece,https://media.api-sports.io/football/leagues/583.png,,2026-09-24 13:48:10.778378+06:30,,f,999,GR,api-football,League,,1086173280,583
579,World Cup - U17,World,https://media.api-sports.io/football/leagues/587.png,,2026-09-24 13:48:10.778378+06:30,,f,999,,api-football,Cup,,2105094199,587
580,A Division,Nepal,https://media.api-sports.io/football/leagues/590.png,,2026-09-24 13:48:10.778378+06:30,,f,999,NP,api-football,League,,1173464244,590
581,1. Liga Classic - Group 1,Switzerland,https://media.api-sports.io/football/leagues/599.png,,2026-09-24 13:48:10.778378+06:30,,f,999,CH,api-football,League,,228349791,599
582,1. Liga Classic - Group 2,Switzerland,https://media.api-sports.io/football/leagues/600.png,,2026-09-24 13:48:10.778378+06:30,,f,999,CH,api-football,League,,228349791,600
583,1. Liga Classic - Group 3,Switzerland,https://media.api-sports.io/football/leagues/601.png,,2026-09-24 13:48:10.778378+06:30,,f,999,CH,api-football,League,,228349791,601
584,Baiano - 2,Brazil,https://media.api-sports.io/football/leagues/613.png,,2026-09-24 13:48:10.778378+06:30,,f,999,BR,api-football,League,,1851761881,613
585,Cearense - 2,Brazil,https://media.api-sports.io/football/leagues/620.png,,2026-09-24 13:48:10.778378+06:30,,f,999,BR,api-football,League,,1851761881,620
586,Carioca - 2,Brazil,https://media.api-sports.io/football/leagues/625.png,,2026-09-24 13:48:10.778378+06:30,,f,999,BR,api-football,League,,1851761881,625
587,NB III - Northeast,Hungary,https://media.api-sports.io/football/leagues/633.png,,2026-09-24 13:48:10.778378+06:30,,f,999,HU,api-football,League,,994819255,633
588,NB III - Southwest,Hungary,https://media.api-sports.io/football/leagues/634.png,,2026-09-24 13:48:10.778378+06:30,,f,999,HU,api-football,League,,994819255,634
589,NB III - Northwest,Hungary,https://media.api-sports.io/football/leagues/635.png,,2026-09-24 13:48:10.778378+06:30,,f,999,HU,api-football,League,,994819255,635
590,New South Wales NPL,Australia,https://media.api-sports.io/football/leagues/192.png,,2026-09-24 13:48:10.778378+06:30,,f,999,AU,api-football,League,,2066371799,192
591,South Australia NPL,Australia,https://media.api-sports.io/football/leagues/194.png,,2026-09-24 13:48:10.778378+06:30,,f,999,AU,api-football,League,,2066371799,194
592,Victoria NPL,Australia,https://media.api-sports.io/football/leagues/195.png,,2026-09-24 13:48:10.778378+06:30,,f,999,AU,api-football,League,,2066371799,195
593,Western Australia NPL,Australia,https://media.api-sports.io/football/leagues/196.png,,2026-09-24 13:48:10.778378+06:30,,f,999,AU,api-football,League,,2066371799,196
594,Premier Division,Ireland,https://media.api-sports.io/football/leagues/357.png,,2026-09-24 13:48:10.778378+06:30,,f,999,IE,api-football,League,,644842787,357
595,First Division,Ireland,https://media.api-sports.io/football/leagues/358.png,,2026-09-24 13:48:10.778378+06:30,,f,999,IE,api-football,League,,644842787,358
596,Liga 2,Indonesia,https://media.api-sports.io/football/leagues/275.png,,2026-09-24 13:48:10.778378+06:30,,f,999,ID,api-football,League,,1302514080,275
597,Liga 1,Moldova,https://media.api-sports.io/football/leagues/395.png,,2026-09-24 13:48:10.778378+06:30,,f,999,MD,api-football,League,,451931898,395
598,Copa Chile,Chile,https://media.api-sports.io/football/leagues/267.png,,2026-09-24 13:48:10.778378+06:30,,f,999,CL,api-football,Cup,,2100392006,267
599,FA Cup,China,https://media.api-sports.io/football/leagues/171.png,,2026-09-24 13:48:10.778378+06:30,,f,999,CN,api-football,Cup,,175995811,171
600,Copa Colombia,Colombia,https://media.api-sports.io/football/leagues/241.png,,2026-09-24 13:48:10.778378+06:30,,f,999,CO,api-football,Cup,,625239938,241
601,Cup,Belgium,https://media.api-sports.io/football/leagues/147.png,,2026-09-24 13:48:10.778378+06:30,,f,999,BE,api-football,Cup,,1945764105,147
602,Cup,Iceland,https://media.api-sports.io/football/leagues/167.png,,2026-09-24 13:48:10.778378+06:30,,f,999,IS,api-football,Cup,,51801311,167
603,League Cup,Iceland,https://media.api-sports.io/football/leagues/168.png,,2026-09-24 13:48:10.778378+06:30,,f,999,IS,api-football,Cup,,51801311,168
604,FAI Cup,Ireland,https://media.api-sports.io/football/leagues/359.png,,2026-09-24 13:48:10.778378+06:30,,f,999,IE,api-football,Cup,,644842787,359
605,League Cup,Ireland,https://media.api-sports.io/football/leagues/360.png,,2026-09-24 13:48:10.778378+06:30,,f,999,IE,api-football,Cup,,644842787,360
606,Toto Cup Ligat Al,Israel,https://media.api-sports.io/football/leagues/385.png,,2026-09-24 13:48:10.778378+06:30,,f,999,IL,api-football,Cup,,1065637047,385
607,Copa MX,Mexico,https://media.api-sports.io/football/leagues/264.png,,2026-09-24 13:48:10.778378+06:30,,f,999,MX,api-football,Cup,,1323288868,264
608,CONMEBOL Sudamericana,World,https://media.api-sports.io/football/leagues/11.png,,2026-09-24 13:48:10.778378+06:30,,f,999,,api-football,Cup,,2105094199,11
609,CAF Champions League,World,https://media.api-sports.io/football/leagues/12.png,,2026-09-24 13:48:10.778378+06:30,,f,999,,api-football,Cup,,2105094199,12
610,CONMEBOL Libertadores,World,https://media.api-sports.io/football/leagues/13.png,,2026-09-24 13:48:10.778378+06:30,,f,999,,api-football,Cup,,2105094199,13
611,Schweizer Cup,Switzerland,https://media.api-sports.io/football/leagues/209.png,,2026-09-24 13:48:10.778378+06:30,,f,999,CH,api-football,Cup,,228349791,209
612,Svenska Cupen,Sweden,https://media.api-sports.io/football/leagues/115.png,,2026-09-24 13:48:10.778378+06:30,,f,999,SE,api-football,Cup,,149237477,115
613,Cup,Slovenia,https://media.api-sports.io/football/leagues/375.png,,2026-09-24 13:48:10.778378+06:30,,f,999,SI,api-football,Cup,,2137358490,375
614,FA Cup,Scotland,https://media.api-sports.io/football/leagues/181.png,,2026-09-24 13:48:10.778378+06:30,,f,999,GB-SCT,api-football,Cup,,818809674,181
615,Super Cup,Andorra,https://media.api-sports.io/football/leagues/809.png,,2026-09-24 13:48:10.778378+06:30,,f,999,AD,api-football,Cup,,1151291534,809
616,Super Copa,Argentina,https://media.api-sports.io/football/leagues/810.png,,2026-09-24 13:48:10.778378+06:30,,f,999,AR,api-football,Cup,,710061511,810
617,Federation Cup,Bangladesh,https://media.api-sports.io/football/leagues/811.png,,2026-09-24 13:48:10.778378+06:30,,f,999,BD,api-football,Cup,,880527812,811
618,Elite Two,Cameroon,https://media.api-sports.io/football/leagues/813.png,,2026-09-24 13:48:10.778378+06:30,,f,999,CM,api-football,League,,371313594,813
619,Shield Cup,Jordan,https://media.api-sports.io/football/leagues/816.png,,2026-09-24 13:48:10.778378+06:30,,f,999,JO,api-football,Cup,,1366112123,816
620,Super Cup Primavera,Italy,https://media.api-sports.io/football/leagues/817.png,,2026-09-24 13:48:10.778378+06:30,,f,999,IT,api-football,Cup,,984919096,817
621,Super Cup,Kosovo,https://media.api-sports.io/football/leagues/819.png,,2026-09-24 13:48:10.778378+06:30,,f,999,XK,api-football,Cup,,515162668,819
622,Crown Prince Cup,Kuwait,https://media.api-sports.io/football/leagues/820.png,,2026-09-24 13:48:10.778378+06:30,,f,999,KW,api-football,Cup,,831496405,820
623,FA Trophy,Malta,https://media.api-sports.io/football/leagues/821.png,,2026-09-24 13:48:10.778378+06:30,,f,999,MT,api-football,Cup,,1376424040,821
624,Cup,Morocco,https://media.api-sports.io/football/leagues/822.png,,2026-09-24 13:48:10.778378+06:30,,f,999,MA,api-football,Cup,,561737311,822
625,Ligue 2,Tunisia,https://media.api-sports.io/football/leagues/828.png,,2026-09-24 13:48:10.778378+06:30,,f,999,TN,api-football,League,,1795685710,828
626,Youth League,Turkmenistan,https://media.api-sports.io/football/leagues/829.png,,2026-09-24 13:48:10.778378+06:30,,f,999,TM,api-football,League,,373258731,829
627,Super Cup,Uzbekistan,https://media.api-sports.io/football/leagues/830.png,,2026-09-24 13:48:10.778378+06:30,,f,999,UZ,api-football,Cup,,706431846,830
628,Coupe de la Ligue,Algeria,https://media.api-sports.io/football/leagues/832.png,,2026-09-24 13:48:10.778378+06:30,,f,999,DZ,api-football,Cup,,1240792518,832
629,Rock Cup,Gibraltar,https://media.api-sports.io/football/leagues/837.png,,2026-09-24 13:48:10.778378+06:30,,f,999,GI,api-football,Cup,,1813756106,837
630,Super Cup,Jordan,https://media.api-sports.io/football/leagues/838.png,,2026-09-24 13:48:10.778378+06:30,,f,999,JO,api-football,Cup,,1366112123,838
631,Taça Revelação U23,Portugal,https://media.api-sports.io/football/leagues/840.png,,2026-09-24 13:48:10.778378+06:30,,f,999,PT,api-football,Cup,,772729455,840
632,QFA Cup,Qatar,https://media.api-sports.io/football/leagues/841.png,,2026-09-24 13:48:10.778378+06:30,,f,999,QA,api-football,Cup,,2106369147,841
633,Copa Verde,Brazil,https://media.api-sports.io/football/leagues/843.png,,2026-09-24 13:48:10.778378+06:30,,f,999,BR,api-football,Cup,,1851761881,843
634,Ligue 1,Congo,https://media.api-sports.io/football/leagues/844.png,,2026-09-24 13:48:10.778378+06:30,,f,999,CD,api-football,League,,1145034953,844
635,GFA League,Gambia,https://media.api-sports.io/football/leagues/845.png,,2026-09-24 13:48:10.778378+06:30,,f,999,GM,api-football,League,,642573978,845
636,Premier League,Eswatini,https://media.api-sports.io/football/leagues/847.png,,2026-09-24 13:48:10.778378+06:30,,f,999,SZ,api-football,League,,383276576,847
637,Baltic Cup,World,https://media.api-sports.io/football/leagues/849.png,,2026-09-24 13:48:10.778378+06:30,,f,999,,api-football,Cup,,2105094199,849
638,Cup,Jordan,https://media.api-sports.io/football/leagues/863.png,,2026-09-24 13:48:10.778378+06:30,,f,999,JO,api-football,Cup,,1366112123,863
639,Olympics Men - Qualification Concacaf,World,https://media.api-sports.io/football/leagues/881.png,,2026-09-24 13:48:10.778378+06:30,,f,999,,api-football,Cup,,2105094199,881
640,Olympics Women - Qualification Asia,World,https://media.api-sports.io/football/leagues/882.png,,2026-09-24 13:48:10.778378+06:30,,f,999,,api-football,Cup,,2105094199,882
641,Campeones Cup,World,https://media.api-sports.io/football/leagues/885.png,,2026-09-24 13:48:10.778378+06:30,,f,999,,api-football,Cup,,2105094199,885
642,Paulista - A1,Brazil,https://media.api-sports.io/football/leagues/475.png,,2026-09-24 13:48:10.778378+06:30,,f,999,BR,api-football,League,,1851761881,475
643,Paulista - A2,Brazil,https://media.api-sports.io/football/leagues/476.png,,2026-09-24 13:48:10.778378+06:30,,f,999,BR,api-football,League,,1851761881,476
644,Gaúcho - 1,Brazil,https://media.api-sports.io/football/leagues/477.png,,2026-09-24 13:48:10.778378+06:30,,f,999,BR,api-football,League,,1851761881,477
645,Gaúcho - 2,Brazil,https://media.api-sports.io/football/leagues/478.png,,2026-09-24 13:48:10.778378+06:30,,f,999,BR,api-football,League,,1851761881,478
646,Canadian Premier League,Canada,https://media.api-sports.io/football/leagues/479.png,,2026-09-24 13:48:10.778378+06:30,,f,999,CA,api-football,League,,1118493379,479
647,Copa de la Superliga,Argentina,https://media.api-sports.io/football/leagues/483.png,,2026-09-24 13:48:10.778378+06:30,,f,999,AR,api-football,Cup,,710061511,483
648,FA Cup,Malaysia,https://media.api-sports.io/football/leagues/500.png,,2026-09-24 13:48:10.778378+06:30,,f,999,MY,api-football,Cup,,1210777268,500
649,AFC U23 Asian Cup,World,https://media.api-sports.io/football/leagues/532.png,,2026-09-24 13:48:10.778378+06:30,,f,999,,api-football,Cup,,2105094199,532
650,CONCACAF Nations League,World,https://media.api-sports.io/football/leagues/536.png,,2026-09-24 13:48:10.778378+06:30,,f,999,,api-football,Cup,,2105094199,536
651,Africa Cup of Nations U20,World,https://media.api-sports.io/football/leagues/538.png,,2026-09-24 13:48:10.778378+06:30,,f,999,,api-football,Cup,,2105094199,538
652,CONMEBOL Libertadores U20,World,https://media.api-sports.io/football/leagues/540.png,,2026-09-24 13:48:10.778378+06:30,,f,999,,api-football,Cup,,2105094199,540
653,CONMEBOL Recopa,World,https://media.api-sports.io/football/leagues/541.png,,2026-09-24 13:48:10.778378+06:30,,f,999,,api-football,Cup,,2105094199,541
654,Iraqi League,Iraq,https://media.api-sports.io/football/leagues/542.png,,2026-09-24 13:48:10.778378+06:30,,f,999,IQ,api-football,League,,1404161763,542
655,Super Cup,Japan,https://media.api-sports.io/football/leagues/548.png,,2026-09-24 13:48:10.778378+06:30,,f,999,JP,api-football,Cup,,1468978596,548
656,Damallsvenskan,Sweden,https://media.api-sports.io/football/leagues/549.png,,2026-09-24 13:48:10.778378+06:30,,f,999,SE,api-football,League,,149237477,549
657,Supercopa,Peru,https://media.api-sports.io/football/leagues/558.png,,2026-09-24 13:48:10.778378+06:30,,f,999,PE,api-football,Cup,,854081946,558
658,V.League 2,Vietnam,https://media.api-sports.io/football/leagues/637.png,,2026-09-24 13:48:10.778378+06:30,,f,999,VN,api-football,League,,1603247667,637
659,Super Cup,Iceland,https://media.api-sports.io/football/leagues/639.png,,2026-09-24 13:48:10.778378+06:30,,f,999,IS,api-football,Cup,,51801311,639
660,Kansallinen Liiga,Finland,https://media.api-sports.io/football/leagues/640.png,,2026-09-24 13:48:10.778378+06:30,,f,999,FI,api-football,League,,1662862570,640
661,NWSL Women - Challenge Cup,USA,https://media.api-sports.io/football/leagues/641.png,,2026-09-24 13:48:10.778378+06:30,,f,999,US,api-football,Cup,,765801221,641
662,3. liga - Bratislava,Slovakia,https://media.api-sports.io/football/leagues/643.png,,2026-09-24 13:48:10.778378+06:30,,f,999,SK,api-football,League,,1984575888,643
663,3. liga - West,Slovakia,https://media.api-sports.io/football/leagues/644.png,,2026-09-24 13:48:10.778378+06:30,,f,999,SK,api-football,League,,1984575888,644
664,3. liga - East,Slovakia,https://media.api-sports.io/football/leagues/645.png,,2026-09-24 13:48:10.778378+06:30,,f,999,SK,api-football,League,,1984575888,645
665,3. liga - Center,Slovakia,https://media.api-sports.io/football/leagues/646.png,,2026-09-24 13:48:10.778378+06:30,,f,999,SK,api-football,League,,1984575888,646
666,Lao League,Laos,https://media.api-sports.io/football/leagues/647.png,,2026-09-24 13:48:10.778378+06:30,,f,999,LA,api-football,League,,1419092729,647
667,Tasmania NPL,Australia,https://media.api-sports.io/football/leagues/648.png,,2026-09-24 13:48:10.778378+06:30,,f,999,AU,api-football,League,,2066371799,648
668,Supreme Division Women,Russia,https://media.api-sports.io/football/leagues/649.png,,2026-09-24 13:48:10.778378+06:30,,f,999,RU,api-football,League,,476208328,649
669,Second League - Group 3,Russia,https://media.api-sports.io/football/leagues/650.png,,2026-09-24 13:48:10.778378+06:30,,f,999,RU,api-football,League,,476208328,650
670,Second League - Group 1,Russia,https://media.api-sports.io/football/leagues/651.png,,2026-09-24 13:48:10.778378+06:30,,f,999,RU,api-football,League,,476208328,651
671,Second League - Group 2,Russia,https://media.api-sports.io/football/leagues/652.png,,2026-09-24 13:48:10.778378+06:30,,f,999,RU,api-football,League,,476208328,652
672,Second League - Group 4,Russia,https://media.api-sports.io/football/leagues/653.png,,2026-09-24 13:48:10.778378+06:30,,f,999,RU,api-football,League,,476208328,653
673,Super Cup,Armenia,https://media.api-sports.io/football/leagues/654.png,,2026-09-24 13:48:10.778378+06:30,,f,999,AM,api-football,Cup,,927254051,654
674,Super Cup,Bulgaria,https://media.api-sports.io/football/leagues/656.png,,2026-09-24 13:48:10.778378+06:30,,f,999,BG,api-football,Cup,,1532957764,656
675,Cup,Estonia,https://media.api-sports.io/football/leagues/657.png,,2026-09-24 13:48:10.778378+06:30,,f,999,EE,api-football,Cup,,1549965490,657
676,Cup,Latvia,https://media.api-sports.io/football/leagues/658.png,,2026-09-24 13:48:10.778378+06:30,,f,999,LV,api-football,Cup,,2111298265,658
677,Super Cup,Israel,https://media.api-sports.io/football/leagues/659.png,,2026-09-24 13:48:10.778378+06:30,,f,999,IL,api-football,Cup,,1065637047,659
678,WK-League,South-Korea,https://media.api-sports.io/football/leagues/660.png,,2026-09-24 13:48:10.778378+06:30,,f,999,KR,api-football,League,,554716355,660
679,Cup,Lithuania,https://media.api-sports.io/football/leagues/661.png,,2026-09-24 13:48:10.778378+06:30,,f,999,LT,api-football,Cup,,334489957,661
680,Copa por México,Mexico,https://media.api-sports.io/football/leagues/662.png,,2026-09-24 13:48:10.778378+06:30,,f,999,MX,api-football,Cup,,1323288868,662
681,Super Cup,Russia,https://media.api-sports.io/football/leagues/663.png,,2026-09-24 13:48:10.778378+06:30,,f,999,RU,api-football,Cup,,476208328,663
682,Friendlies Women,World,https://media.api-sports.io/football/leagues/666.png,,2026-09-24 13:48:10.778378+06:30,,f,999,,api-football,Cup,,2105094199,666
683,Friendlies Clubs,World,https://media.api-sports.io/football/leagues/667.png,,2026-09-24 13:48:10.778378+06:30,,f,999,,api-football,Cup,,2105094199,667
684,1. Liga U19,Czech-Republic,https://media.api-sports.io/football/leagues/668.png,,2026-09-24 13:48:10.778378+06:30,,f,999,CZ,api-football,League,,49633419,668
685,1. Liga Women,Czech-Republic,https://media.api-sports.io/football/leagues/669.png,,2026-09-24 13:48:10.778378+06:30,,f,999,CZ,api-football,League,,49633419,669
686,Community Shield Women,England,https://media.api-sports.io/football/leagues/670.png,,2026-09-24 13:48:10.778378+06:30,,f,999,GB-ENG,api-football,Cup,,1955094987,670
687,Úrvalsdeild Women,Iceland,https://media.api-sports.io/football/leagues/671.png,,2026-09-24 13:48:10.778378+06:30,,f,999,IS,api-football,League,,51801311,671
688,David Kipiani Cup,Georgia,https://media.api-sports.io/football/leagues/672.png,,2026-09-24 13:48:10.778378+06:30,,f,999,GE,api-football,Cup,,1087232045,672
689,Liga MX Femenil,Mexico,https://media.api-sports.io/football/leagues/673.png,,2026-09-24 13:48:10.778378+06:30,,f,999,MX,api-football,League,,1323288868,673
690,Cupa,Moldova,https://media.api-sports.io/football/leagues/674.png,,2026-09-24 13:48:10.778378+06:30,,f,999,MD,api-football,Cup,,451931898,674
691,U21 Divisie 1,Netherlands,https://media.api-sports.io/football/leagues/675.png,,2026-09-24 13:48:10.778378+06:30,,f,999,NL,api-football,League,,1629702244,675
692,Central Youth League,Poland,https://media.api-sports.io/football/leagues/676.png,,2026-09-24 13:48:10.778378+06:30,,f,999,PL,api-football,League,,1862845917,676
693,Super Cup,Ukraine,https://media.api-sports.io/football/leagues/678.png,,2026-09-24 13:48:10.778378+06:30,,f,999,UA,api-football,Cup,,1259279705,678
694,U21 League,Ukraine,https://media.api-sports.io/football/leagues/679.png,,2026-09-24 13:48:10.778378+06:30,,f,999,UA,api-football,League,,1259279705,679
695,Cup,Slovakia,https://media.api-sports.io/football/leagues/680.png,,2026-09-24 13:48:10.778378+06:30,,f,999,SK,api-football,Cup,,1984575888,680
696,Campeonato de Portugal Prio - Group E,Portugal,https://media.api-sports.io/football/leagues/681.png,,2026-09-24 13:48:10.778378+06:30,,f,999,PT,api-football,League,,772729455,681
697,Campeonato de Portugal Prio - Group F,Portugal,https://media.api-sports.io/football/leagues/682.png,,2026-09-24 13:48:10.778378+06:30,,f,999,PT,api-football,League,,772729455,682
698,Campeonato de Portugal Prio - Group G,Portugal,https://media.api-sports.io/football/leagues/683.png,,2026-09-24 13:48:10.778378+06:30,,f,999,PT,api-football,League,,772729455,683
699,Campeonato de Portugal Prio - Group H,Portugal,https://media.api-sports.io/football/leagues/684.png,,2026-09-24 13:48:10.778378+06:30,,f,999,PT,api-football,League,,772729455,684
700,3. liga - CFL B,Czech-Republic,https://media.api-sports.io/football/leagues/685.png,,2026-09-24 13:48:10.778378+06:30,,f,999,CZ,api-football,League,,49633419,685
701,4. liga - Divizie F,Czech-Republic,https://media.api-sports.io/football/leagues/686.png,,2026-09-24 13:48:10.778378+06:30,,f,999,CZ,api-football,League,,49633419,686
702,Regionalliga - Tirol,Austria,https://media.api-sports.io/football/leagues/687.png,,2026-09-24 13:48:10.778378+06:30,,f,999,AT,api-football,League,,1825620582,687
703,Regionalliga - Salzburg,Austria,https://media.api-sports.io/football/leagues/688.png,,2026-09-24 13:48:10.778378+06:30,,f,999,AT,api-football,League,,1825620582,688
704,Third Amateur Division - ACFF A,Belgium,https://media.api-sports.io/football/leagues/689.png,,2026-09-24 13:48:10.778378+06:30,,f,999,BE,api-football,League,,1945764105,689
705,Third Amateur Division - ACFF B,Belgium,https://media.api-sports.io/football/leagues/690.png,,2026-09-24 13:48:10.778378+06:30,,f,999,BE,api-football,League,,1945764105,690
706,Provincial - Brabant ACFF,Belgium,https://media.api-sports.io/football/leagues/691.png,,2026-09-24 13:48:10.778378+06:30,,f,999,BE,api-football,League,,1945764105,691
707,Primera División RFEF - Group 5,Spain,https://media.api-sports.io/football/leagues/692.png,,2026-09-24 13:48:10.778378+06:30,,f,999,ES,api-football,League,,390583474,692
708,Gamma Ethniki - Group 9,Greece,https://media.api-sports.io/football/leagues/693.png,,2026-09-24 13:48:10.778378+06:30,,f,999,GR,api-football,League,,1086173280,693
709,Gamma Ethniki - Group 10,Greece,https://media.api-sports.io/football/leagues/694.png,,2026-09-24 13:48:10.778378+06:30,,f,999,GR,api-football,League,,1086173280,694
710,U18 Premier League - North,England,https://media.api-sports.io/football/leagues/695.png,,2026-09-24 13:48:10.778378+06:30,,f,999,GB-ENG,api-football,League,,1955094987,695
711,U18 Premier League - South,England,https://media.api-sports.io/football/leagues/696.png,,2026-09-24 13:48:10.778378+06:30,,f,999,GB-ENG,api-football,League,,1955094987,696
712,WSL Cup,England,https://media.api-sports.io/football/leagues/697.png,,2026-09-24 13:48:10.778378+06:30,,f,999,GB-ENG,api-football,Cup,,1955094987,697
713,Women's Championship,England,https://media.api-sports.io/football/leagues/699.png,,2026-09-24 13:48:10.778378+06:30,,f,999,GB-ENG,api-football,League,,1955094987,699
714,Kakkosen Cup,Finland,https://media.api-sports.io/football/leagues/700.png,,2026-09-24 13:48:10.778378+06:30,,f,999,FI,api-football,Cup,,1662862570,700
715,Liga Revelação U23,Portugal,https://media.api-sports.io/football/leagues/701.png,,2026-09-24 13:48:10.778378+06:30,,f,999,PT,api-football,League,,772729455,701
716,Premier League 2 Division One,England,https://media.api-sports.io/football/leagues/702.png,,2026-09-24 13:48:10.778378+06:30,,f,999,GB-ENG,api-football,League,,1955094987,702
717,Professional Development League,England,https://media.api-sports.io/football/leagues/703.png,,2026-09-24 13:48:10.778378+06:30,,f,999,GB-ENG,api-football,League,,1955094987,703
718,Coppa Italia Primavera,Italy,https://media.api-sports.io/football/leagues/704.png,,2026-09-24 13:48:10.778378+06:30,,f,999,IT,api-football,Cup,,984919096,704
719,Campionato Primavera - 1,Italy,https://media.api-sports.io/football/leagues/705.png,,2026-09-24 13:48:10.778378+06:30,,f,999,IT,api-football,League,,984919096,705
720,Campionato Primavera - 2,Italy,https://media.api-sports.io/football/leagues/706.png,,2026-09-24 13:48:10.778378+06:30,,f,999,IT,api-football,League,,984919096,706
721,Cup,Albania,https://media.api-sports.io/football/leagues/707.png,,2026-09-24 13:48:10.778378+06:30,,f,999,AL,api-football,Cup,,855890680,707
722,Super Cup,Albania,https://media.api-sports.io/football/leagues/708.png,,2026-09-24 13:48:10.778378+06:30,,f,999,AL,api-football,Cup,,855890680,708
723,Cup,Armenia,https://media.api-sports.io/football/leagues/709.png,,2026-09-24 13:48:10.778378+06:30,,f,999,AM,api-football,Cup,,927254051,709
724,Nacional B,Bolivia,https://media.api-sports.io/football/leagues/710.png,,2026-09-24 13:48:10.778378+06:30,,f,999,BO,api-football,League,,1987582945,710
725,Segunda División,Chile,https://media.api-sports.io/football/leagues/711.png,,2026-09-24 13:48:10.778378+06:30,,f,999,CL,api-football,League,,2100392006,711
726,Liga Femenina,Colombia,https://media.api-sports.io/football/leagues/712.png,,2026-09-24 13:48:10.778378+06:30,,f,999,CO,api-football,League,,625239938,712
727,Superliga,Colombia,https://media.api-sports.io/football/leagues/713.png,,2026-09-24 13:48:10.778378+06:30,,f,999,CO,api-football,Cup,,625239938,713
728,DFB Junioren Pokal,Germany,https://media.api-sports.io/football/leagues/715.png,,2026-09-24 13:48:10.778378+06:30,,f,999,DE,api-football,Cup,,686765747,715
729,I-League - 2nd Division,India,https://media.api-sports.io/football/leagues/717.png,,2026-09-24 13:48:10.778378+06:30,,f,999,IN,api-football,League,,296321908,717
730,Super Cup,Kuwait,https://media.api-sports.io/football/leagues/719.png,,2026-09-24 13:48:10.778378+06:30,,f,999,KW,api-football,Cup,,831496405,719
731,Emir Cup,Kuwait,https://media.api-sports.io/football/leagues/720.png,,2026-09-24 13:48:10.778378+06:30,,f,999,KW,api-football,Cup,,831496405,720
732,Cup,Luxembourg,https://media.api-sports.io/football/leagues/721.png,,2026-09-24 13:48:10.778378+06:30,,f,999,LU,api-football,Cup,,109806512,721
733,Liga Premier Serie A,Mexico,https://media.api-sports.io/football/leagues/722.png,,2026-09-24 13:48:10.778378+06:30,,f,999,MX,api-football,League,,1323288868,722
734,Cup,Montenegro,https://media.api-sports.io/football/leagues/723.png,,2026-09-24 13:48:10.778378+06:30,,f,999,ME,api-football,Cup,,2099004590,723
735,U18 Divisie 1,Netherlands,https://media.api-sports.io/football/leagues/724.png,,2026-09-24 13:48:10.778378+06:30,,f,999,NL,api-football,League,,1629702244,724
736,Sultan Cup,Oman,https://media.api-sports.io/football/leagues/726.png,,2026-09-24 13:48:10.778378+06:30,,f,999,OM,api-football,Cup,,759398355,726
737,Super Cup,Poland,https://media.api-sports.io/football/leagues/727.png,,2026-09-24 13:48:10.778378+06:30,,f,999,PL,api-football,Cup,,1862845917,727
738,Liga 1 Feminin,Romania,https://media.api-sports.io/football/leagues/728.png,,2026-09-24 13:48:10.778378+06:30,,f,999,RO,api-football,League,,151347096,728
739,Coppa Titano,San-Marino,https://media.api-sports.io/football/leagues/729.png,,2026-09-24 13:48:10.778378+06:30,,f,999,SM,api-football,Cup,,2090089376,729
740,Football League - Highland League,Scotland,https://media.api-sports.io/football/leagues/730.png,,2026-09-24 13:48:10.778378+06:30,,f,999,GB-SCT,api-football,League,,818809674,730
741,Football League - Lowland League,Scotland,https://media.api-sports.io/football/leagues/731.png,,2026-09-24 13:48:10.778378+06:30,,f,999,GB-SCT,api-football,League,,818809674,731
742,Cup,Serbia,https://media.api-sports.io/football/leagues/732.png,,2026-09-24 13:48:10.778378+06:30,,f,999,RS,api-football,Cup,,596014133,732
743,I Liga - Women,Slovakia,https://media.api-sports.io/football/leagues/733.png,,2026-09-24 13:48:10.778378+06:30,,f,999,SK,api-football,League,,1984575888,733
744,Diski Challenge,South-Africa,https://media.api-sports.io/football/leagues/734.png,,2026-09-24 13:48:10.778378+06:30,,f,999,ZA,api-football,League,,1357748937,734
745,Copa Federacion,Spain,https://media.api-sports.io/football/leagues/735.png,,2026-09-24 13:48:10.778378+06:30,,f,999,ES,api-football,Cup,,390583474,735
746,Svenska Cupen - Women,Sweden,https://media.api-sports.io/football/leagues/737.png,,2026-09-24 13:48:10.778378+06:30,,f,999,SE,api-football,Cup,,149237477,737
747,League Cup,Wales,https://media.api-sports.io/football/leagues/738.png,,2026-09-24 13:48:10.778378+06:30,,f,999,GB-WLS,api-football,Cup,,1856459534,738
748,AXA Women’s Super League,Switzerland,https://media.api-sports.io/football/leagues/739.png,,2026-09-24 13:48:10.778378+06:30,,f,999,CH,api-football,League,,228349791,739
749,Brasileiro U20 A,Brazil,https://media.api-sports.io/football/leagues/740.png,,2026-09-24 13:48:10.778378+06:30,,f,999,BR,api-football,Cup,,1851761881,740
750,Brasileiro de Aspirantes,Brazil,https://media.api-sports.io/football/leagues/741.png,,2026-09-24 13:48:10.778378+06:30,,f,999,BR,api-football,Cup,,1851761881,741
751,Copa Paulista,Brazil,https://media.api-sports.io/football/leagues/742.png,,2026-09-24 13:48:10.778378+06:30,,f,999,BR,api-football,Cup,,1851761881,742
752,Oberliga - Schleswig-Holstein,Germany,https://media.api-sports.io/football/leagues/744.png,,2026-09-24 13:48:10.778378+06:30,,f,999,DE,api-football,League,,686765747,744
753,Oberliga - Hamburg,Germany,https://media.api-sports.io/football/leagues/745.png,,2026-09-24 13:48:10.778378+06:30,,f,999,DE,api-football,League,,686765747,745
754,Oberliga - Mittelrhein,Germany,https://media.api-sports.io/football/leagues/746.png,,2026-09-24 13:48:10.778378+06:30,,f,999,DE,api-football,League,,686765747,746
755,Oberliga - Westfalen,Germany,https://media.api-sports.io/football/leagues/747.png,,2026-09-24 13:48:10.778378+06:30,,f,999,DE,api-football,League,,686765747,747
756,Oberliga - Niedersachsen,Germany,https://media.api-sports.io/football/leagues/748.png,,2026-09-24 13:48:10.778378+06:30,,f,999,DE,api-football,League,,686765747,748
757,Oberliga - Bremen,Germany,https://media.api-sports.io/football/leagues/749.png,,2026-09-24 13:48:10.778378+06:30,,f,999,DE,api-football,League,,686765747,749
758,Oberliga - Hessen,Germany,https://media.api-sports.io/football/leagues/750.png,,2026-09-24 13:48:10.778378+06:30,,f,999,DE,api-football,League,,686765747,750
759,Oberliga - Niederrhein,Germany,https://media.api-sports.io/football/leagues/751.png,,2026-09-24 13:48:10.778378+06:30,,f,999,DE,api-football,League,,686765747,751
760,Oberliga - Rheinland-Pfalz / Saar,Germany,https://media.api-sports.io/football/leagues/752.png,,2026-09-24 13:48:10.778378+06:30,,f,999,DE,api-football,League,,686765747,752
761,Oberliga - Baden-Württemberg,Germany,https://media.api-sports.io/football/leagues/753.png,,2026-09-24 13:48:10.778378+06:30,,f,999,DE,api-football,League,,686765747,753
762,Oberliga - Nordost-Nord,Germany,https://media.api-sports.io/football/leagues/754.png,,2026-09-24 13:48:10.778378+06:30,,f,999,DE,api-football,League,,686765747,754
763,Oberliga - Nordost-Süd,Germany,https://media.api-sports.io/football/leagues/755.png,,2026-09-24 13:48:10.778378+06:30,,f,999,DE,api-football,League,,686765747,755
764,Cup,Macedonia,https://media.api-sports.io/football/leagues/756.png,,2026-09-24 13:48:10.778378+06:30,,f,999,MK,api-football,Cup,,500217614,756
765,Irish Cup,Northern-Ireland,https://media.api-sports.io/football/leagues/757.png,,2026-09-24 13:48:10.778378+06:30,,f,999,GB-NIR,api-football,Cup,,1533787710,757
766,Premier Division,Gibraltar,https://media.api-sports.io/football/leagues/758.png,,2026-09-24 13:48:10.778378+06:30,,f,999,GI,api-football,League,,1813756106,758
767,Liga Mayor,Dominican-Republic,https://media.api-sports.io/football/leagues/759.png,,2026-09-24 13:48:10.778378+06:30,,f,999,DO,api-football,League,,1742223066,759
768,LFA First Division,Liberia,https://media.api-sports.io/football/leagues/760.png,,2026-09-24 13:48:10.778378+06:30,,f,999,LR,api-football,League,,796101228,760
769,Cup,Liechtenstein,https://media.api-sports.io/football/leagues/761.png,,2026-09-24 13:48:10.778378+06:30,,f,999,LI,api-football,Cup,,1522528121,761
770,Premier League,Mauritania,https://media.api-sports.io/football/leagues/762.png,,2026-09-24 13:48:10.778378+06:30,,f,999,MR,api-football,League,,613847689,762
771,Mauritian League,Mauritius,https://media.api-sports.io/football/leagues/763.png,,2026-09-24 13:48:10.778378+06:30,,f,999,MU,api-football,League,,1382545827,763
772,Premier League,Mongolia,https://media.api-sports.io/football/leagues/764.png,,2026-09-24 13:48:10.778378+06:30,,f,999,MN,api-football,League,,1974976223,764
773,PFL,Philippines,https://media.api-sports.io/football/leagues/765.png,,2026-09-24 13:48:10.778378+06:30,,f,999,PH,api-football,League,,1217716035,765
774,CONCACAF League,World,https://media.api-sports.io/football/leagues/767.png,,2026-09-24 13:48:10.778378+06:30,,f,999,,api-football,Cup,,2105094199,767
775,COSAFA U20 Championship,World,https://media.api-sports.io/football/leagues/771.png,,2026-09-24 13:48:10.778378+06:30,,f,999,,api-football,Cup,,2105094199,771
776,3. Division - Girone 1,Norway,https://media.api-sports.io/football/leagues/774.png,,2026-09-24 13:48:10.778378+06:30,,f,999,NO,api-football,League,,1726383440,774
777,3. Division - Girone 2,Norway,https://media.api-sports.io/football/leagues/775.png,,2026-09-24 13:48:10.778378+06:30,,f,999,NO,api-football,League,,1726383440,775
778,3. Division - Girone 3,Norway,https://media.api-sports.io/football/leagues/776.png,,2026-09-24 13:48:10.778378+06:30,,f,999,NO,api-football,League,,1726383440,776
779,3. Division - Girone 4,Norway,https://media.api-sports.io/football/leagues/777.png,,2026-09-24 13:48:10.778378+06:30,,f,999,NO,api-football,League,,1726383440,777
780,3. Division - Girone 5,Norway,https://media.api-sports.io/football/leagues/778.png,,2026-09-24 13:48:10.778378+06:30,,f,999,NO,api-football,League,,1726383440,778
781,3. Division - Girone 6,Norway,https://media.api-sports.io/football/leagues/779.png,,2026-09-24 13:48:10.778378+06:30,,f,999,NO,api-football,League,,1726383440,779
782,III Liga - Group 1,Poland,https://media.api-sports.io/football/leagues/780.png,,2026-09-24 13:48:10.778378+06:30,,f,999,PL,api-football,League,,1862845917,780
783,III Liga - Group 2,Poland,https://media.api-sports.io/football/leagues/781.png,,2026-09-24 13:48:10.778378+06:30,,f,999,PL,api-football,League,,1862845917,781
784,III Liga - Group 3,Poland,https://media.api-sports.io/football/leagues/782.png,,2026-09-24 13:48:10.778378+06:30,,f,999,PL,api-football,League,,1862845917,782
785,III Liga - Group 4,Poland,https://media.api-sports.io/football/leagues/783.png,,2026-09-24 13:48:10.778378+06:30,,f,999,PL,api-football,League,,1862845917,783
786,Liga III - Serie 1,Romania,https://media.api-sports.io/football/leagues/784.png,,2026-09-24 13:48:10.778378+06:30,,f,999,RO,api-football,League,,151347096,784
787,Liga III - Serie 2,Romania,https://media.api-sports.io/football/leagues/785.png,,2026-09-24 13:48:10.778378+06:30,,f,999,RO,api-football,League,,151347096,785
788,Liga III - Serie 3,Romania,https://media.api-sports.io/football/leagues/786.png,,2026-09-24 13:48:10.778378+06:30,,f,999,RO,api-football,League,,151347096,786
789,Liga III - Serie 4,Romania,https://media.api-sports.io/football/leagues/787.png,,2026-09-24 13:48:10.778378+06:30,,f,999,RO,api-football,League,,151347096,787
790,Liga III - Serie 5,Romania,https://media.api-sports.io/football/leagues/788.png,,2026-09-24 13:48:10.778378+06:30,,f,999,RO,api-football,League,,151347096,788
791,Liga III - Serie 6,Romania,https://media.api-sports.io/football/leagues/789.png,,2026-09-24 13:48:10.778378+06:30,,f,999,RO,api-football,League,,151347096,789
792,Liga III - Serie 7,Romania,https://media.api-sports.io/football/leagues/790.png,,2026-09-24 13:48:10.778378+06:30,,f,999,RO,api-football,League,,151347096,790
793,Liga III - Serie 8,Romania,https://media.api-sports.io/football/leagues/791.png,,2026-09-24 13:48:10.778378+06:30,,f,999,RO,api-football,League,,151347096,791
794,Liga III - Serie 9,Romania,https://media.api-sports.io/football/leagues/792.png,,2026-09-24 13:48:10.778378+06:30,,f,999,RO,api-football,League,,151347096,792
795,Liga III - Serie 10,Romania,https://media.api-sports.io/football/leagues/793.png,,2026-09-24 13:48:10.778378+06:30,,f,999,RO,api-football,League,,151347096,793
796,3. SNL - East,Slovenia,https://media.api-sports.io/football/leagues/794.png,,2026-09-24 13:48:10.778378+06:30,,f,999,SI,api-football,League,,2137358490,794
797,3. SNL - West,Slovenia,https://media.api-sports.io/football/leagues/795.png,,2026-09-24 13:48:10.778378+06:30,,f,999,SI,api-football,League,,2137358490,795
798,2. Liga Interregional - Group 1,Switzerland,https://media.api-sports.io/football/leagues/796.png,,2026-09-24 13:48:10.778378+06:30,,f,999,CH,api-football,League,,228349791,796
799,2. Liga Interregional - Group 2,Switzerland,https://media.api-sports.io/football/leagues/797.png,,2026-09-24 13:48:10.778378+06:30,,f,999,CH,api-football,League,,228349791,797
800,2. Liga Interregional - Group 3,Switzerland,https://media.api-sports.io/football/leagues/798.png,,2026-09-24 13:48:10.778378+06:30,,f,999,CH,api-football,League,,228349791,798
801,2. Liga Interregional - Group 4,Switzerland,https://media.api-sports.io/football/leagues/799.png,,2026-09-24 13:48:10.778378+06:30,,f,999,CH,api-football,League,,228349791,799
802,2. Liga Interregional - Group 5,Switzerland,https://media.api-sports.io/football/leagues/800.png,,2026-09-24 13:48:10.778378+06:30,,f,999,CH,api-football,League,,228349791,800
803,2. Liga Interregional - Group 6,Switzerland,https://media.api-sports.io/football/leagues/801.png,,2026-09-24 13:48:10.778378+06:30,,f,999,CH,api-football,League,,228349791,801
804,Cup,Uzbekistan,https://media.api-sports.io/football/leagues/802.png,,2026-09-24 13:48:10.778378+06:30,,f,999,UZ,api-football,Cup,,706431846,802
805,Reserve League,Belarus,https://media.api-sports.io/football/leagues/562.png,,2026-09-24 13:48:10.778378+06:30,,f,999,BY,api-football,League,,2042419461,562
806,Liga Primera U20,Nicaragua,https://media.api-sports.io/football/leagues/565.png,,2026-09-24 13:48:10.778378+06:30,,f,999,NI,api-football,League,,4443683,565
807,Baiano - 1,Brazil,https://media.api-sports.io/football/leagues/602.png,,2026-09-24 13:48:10.778378+06:30,,f,999,BR,api-football,League,,1851761881,602
808,Paraibano,Brazil,https://media.api-sports.io/football/leagues/603.png,,2026-09-24 13:48:10.778378+06:30,,f,999,BR,api-football,League,,1851761881,603
809,Catarinense - 1,Brazil,https://media.api-sports.io/football/leagues/604.png,,2026-09-24 13:48:10.778378+06:30,,f,999,BR,api-football,League,,1851761881,604
810,Paulista - A3,Brazil,https://media.api-sports.io/football/leagues/605.png,,2026-09-24 13:48:10.778378+06:30,,f,999,BR,api-football,League,,1851761881,605
811,Paranaense - 1,Brazil,https://media.api-sports.io/football/leagues/606.png,,2026-09-24 13:48:10.778378+06:30,,f,999,BR,api-football,League,,1851761881,606
812,Roraimense,Brazil,https://media.api-sports.io/football/leagues/607.png,,2026-09-24 13:48:10.778378+06:30,,f,999,BR,api-football,League,,1851761881,607
813,Maranhense,Brazil,https://media.api-sports.io/football/leagues/608.png,,2026-09-24 13:48:10.778378+06:30,,f,999,BR,api-football,League,,1851761881,608
814,Cearense - 1,Brazil,https://media.api-sports.io/football/leagues/609.png,,2026-09-24 13:48:10.778378+06:30,,f,999,BR,api-football,League,,1851761881,609
815,Brasiliense,Brazil,https://media.api-sports.io/football/leagues/610.png,,2026-09-24 13:48:10.778378+06:30,,f,999,BR,api-football,League,,1851761881,610
816,Capixaba,Brazil,https://media.api-sports.io/football/leagues/611.png,,2026-09-24 13:48:10.778378+06:30,,f,999,BR,api-football,League,,1851761881,611
817,Copa do Nordeste,Brazil,https://media.api-sports.io/football/leagues/612.png,,2026-09-24 13:48:10.778378+06:30,,f,999,BR,api-football,Cup,,1851761881,612
818,Paranaense - 2,Brazil,https://media.api-sports.io/football/leagues/614.png,,2026-09-24 13:48:10.778378+06:30,,f,999,BR,api-football,League,,1851761881,614
819,Rondoniense,Brazil,https://media.api-sports.io/football/leagues/615.png,,2026-09-24 13:48:10.778378+06:30,,f,999,BR,api-football,League,,1851761881,615
820,Potiguar,Brazil,https://media.api-sports.io/football/leagues/616.png,,2026-09-24 13:48:10.778378+06:30,,f,999,BR,api-football,League,,1851761881,616
821,Copa do Brasil U20,Brazil,https://media.api-sports.io/football/leagues/617.png,,2026-09-24 13:48:10.778378+06:30,,f,999,BR,api-football,Cup,,1851761881,617
822,São Paulo Youth Cup,Brazil,https://media.api-sports.io/football/leagues/618.png,,2026-09-24 13:48:10.778378+06:30,,f,999,BR,api-football,Cup,,1851761881,618
823,Mineiro - 2,Brazil,https://media.api-sports.io/football/leagues/619.png,,2026-09-24 13:48:10.778378+06:30,,f,999,BR,api-football,League,,1851761881,619
824,Piauiense,Brazil,https://media.api-sports.io/football/leagues/621.png,,2026-09-24 13:48:10.778378+06:30,,f,999,BR,api-football,League,,1851761881,621
825,Pernambucano - 1,Brazil,https://media.api-sports.io/football/leagues/622.png,,2026-09-24 13:48:10.778378+06:30,,f,999,BR,api-football,League,,1851761881,622
826,Sul-Matogrossense,Brazil,https://media.api-sports.io/football/leagues/623.png,,2026-09-24 13:48:10.778378+06:30,,f,999,BR,api-football,League,,1851761881,623
827,Carioca - 1,Brazil,https://media.api-sports.io/football/leagues/624.png,,2026-09-24 13:48:10.778378+06:30,,f,999,BR,api-football,League,,1851761881,624
828,Sergipano,Brazil,https://media.api-sports.io/football/leagues/626.png,,2026-09-24 13:48:10.778378+06:30,,f,999,BR,api-football,League,,1851761881,626
829,Paraense,Brazil,https://media.api-sports.io/football/leagues/627.png,,2026-09-24 13:48:10.778378+06:30,,f,999,BR,api-football,League,,1851761881,627
830,Goiano - 1,Brazil,https://media.api-sports.io/football/leagues/628.png,,2026-09-24 13:48:10.778378+06:30,,f,999,BR,api-football,League,,1851761881,628
831,Mineiro - 1,Brazil,https://media.api-sports.io/football/leagues/629.png,,2026-09-24 13:48:10.778378+06:30,,f,999,BR,api-football,League,,1851761881,629
832,Matogrossense,Brazil,https://media.api-sports.io/football/leagues/630.png,,2026-09-24 13:48:10.778378+06:30,,f,999,BR,api-football,League,,1851761881,630
833,Tocantinense,Brazil,https://media.api-sports.io/football/leagues/631.png,,2026-09-24 13:48:10.778378+06:30,,f,999,BR,api-football,League,,1851761881,631
834,Supercopa do Brasil,Brazil,https://media.api-sports.io/football/leagues/632.png,,2026-09-24 13:48:10.778378+06:30,,f,999,BR,api-football,Cup,,1851761881,632
835,Ýokary Liga,Turkmenistan,https://media.api-sports.io/football/leagues/636.png,,2026-09-24 13:48:10.778378+06:30,,f,999,TM,api-football,League,,373258731,636
836,Africa Cup of Nations - Qualification,World,https://media.api-sports.io/football/leagues/36.png,,2026-09-24 13:48:10.778378+06:30,,f,999,,api-football,Cup,,2105094199,36
837,Toppserien,Norway,https://media.api-sports.io/football/leagues/725.png,,2026-09-24 13:48:10.778378+06:30,,f,999,NO,api-football,League,,1726383440,725
838,Elitettan,Sweden,https://media.api-sports.io/football/leagues/736.png,,2026-09-24 13:48:10.778378+06:30,,f,999,SE,api-football,League,,149237477,736
839,UEFA Championship - Women,World,https://media.api-sports.io/football/leagues/743.png,,2026-09-24 13:48:10.778378+06:30,,f,999,,api-football,Cup,,2105094199,743
840,Liga 3,Portugal,https://media.api-sports.io/football/leagues/865.png,,2026-09-24 13:48:10.778378+06:30,,f,999,PT,api-football,League,,772729455,865
841,MLS All-Star,USA,https://media.api-sports.io/football/leagues/866.png,,2026-09-24 13:48:10.778378+06:30,,f,999,US,api-football,Cup,,765801221,866
842,Coppa Italia Serie C,Italy,https://media.api-sports.io/football/leagues/891.png,,2026-09-24 13:48:10.778378+06:30,,f,999,IT,api-football,Cup,,984919096,891
843,Premier League,Pakistan,https://media.api-sports.io/football/leagues/868.png,,2026-09-24 13:48:10.778378+06:30,,f,999,PK,api-football,League,,1309104196,868
844,CECAFA Club Cup,World,https://media.api-sports.io/football/leagues/869.png,,2026-09-24 13:48:10.778378+06:30,,f,999,,api-football,Cup,,2105094199,869
845,Premier League,Crimea,https://media.api-sports.io/football/leagues/870.png,,2026-09-24 13:48:10.778378+06:30,,f,999,UA,api-football,League,,388587573,870
846,Premier League Cup,England,https://media.api-sports.io/football/leagues/871.png,,2026-09-24 13:48:10.778378+06:30,,f,999,GB-ENG,api-football,Cup,,1955094987,871
847,Liga Premier Serie B,Mexico,https://media.api-sports.io/football/leagues/872.png,,2026-09-24 13:48:10.778378+06:30,,f,999,MX,api-football,League,,1323288868,872
848,Thai Champions Cup,Thailand,https://media.api-sports.io/football/leagues/873.png,,2026-09-24 13:48:10.778378+06:30,,f,999,TH,api-football,Cup,,109656347,873
849,Australia Cup,Australia,https://media.api-sports.io/football/leagues/874.png,,2026-09-24 13:48:10.778378+06:30,,f,999,AU,api-football,Cup,,2066371799,874
850,Segunda División RFEF - Group 1,Spain,https://media.api-sports.io/football/leagues/875.png,,2026-09-24 13:48:10.778378+06:30,,f,999,ES,api-football,League,,390583474,875
851,Segunda División RFEF - Group 2,Spain,https://media.api-sports.io/football/leagues/876.png,,2026-09-24 13:48:10.778378+06:30,,f,999,ES,api-football,League,,390583474,876
852,Segunda División RFEF - Group 3,Spain,https://media.api-sports.io/football/leagues/877.png,,2026-09-24 13:48:10.778378+06:30,,f,999,ES,api-football,League,,390583474,877
853,Segunda División RFEF - Group 4,Spain,https://media.api-sports.io/football/leagues/878.png,,2026-09-24 13:48:10.778378+06:30,,f,999,ES,api-football,League,,390583474,878
854,Segunda División RFEF - Group 5,Spain,https://media.api-sports.io/football/leagues/879.png,,2026-09-24 13:48:10.778378+06:30,,f,999,ES,api-football,League,,390583474,879
855,Reserve League,Netherlands,https://media.api-sports.io/football/leagues/883.png,,2026-09-24 13:48:10.778378+06:30,,f,999,NL,api-football,League,,1629702244,883
856,Super Cup,San-Marino,https://media.api-sports.io/football/leagues/884.png,,2026-09-24 13:48:10.778378+06:30,,f,999,SM,api-football,Cup,,2090089376,884
857,Second League,Egypt,https://media.api-sports.io/football/leagues/887.png,,2026-09-24 13:48:10.778378+06:30,,f,999,EG,api-football,League,,1177930067,887
858,Second League - Group B,Egypt,https://media.api-sports.io/football/leagues/888.png,,2026-09-24 13:48:10.778378+06:30,,f,999,EG,api-football,League,,1177930067,888
859,Second League - Group C,Egypt,https://media.api-sports.io/football/leagues/889.png,,2026-09-24 13:48:10.778378+06:30,,f,999,EG,api-football,League,,1177930067,889
860,U20 Elite League,World,https://media.api-sports.io/football/leagues/890.png,,2026-09-24 13:48:10.778378+06:30,,f,999,,api-football,Cup,,2105094199,890
861,Coppa Italia Serie D,Italy,https://media.api-sports.io/football/leagues/892.png,,2026-09-24 13:48:10.778378+06:30,,f,999,IT,api-football,Cup,,984919096,892
862,Copa Paulino Alcantara,Philippines,https://media.api-sports.io/football/leagues/867.png,,2026-09-24 13:48:10.778378+06:30,,f,999,PH,api-football,League,,1217716035,867
863,League Cup,Egypt,https://media.api-sports.io/football/leagues/895.png,,2026-09-24 13:48:10.778378+06:30,,f,999,EG,api-football,Cup,,1177930067,895
864,Super Cup,United-Arab-Emirates,https://media.api-sports.io/football/leagues/896.png,,2026-09-24 13:48:10.778378+06:30,,f,999,AE,api-football,Cup,,1519936961,896
865,League Cup,Thailand,https://media.api-sports.io/football/leagues/898.png,,2026-09-24 13:48:10.778378+06:30,,f,999,TH,api-football,Cup,,109656347,898
866,Algarve Cup,World,https://media.api-sports.io/football/leagues/902.png,,2026-09-24 13:48:10.778378+06:30,,f,999,,api-football,Cup,,2105094199,902
867,The Atlantic Cup,World,https://media.api-sports.io/football/leagues/903.png,,2026-09-24 13:48:10.778378+06:30,,f,999,,api-football,Cup,,2105094199,903
868,Super Cup,Iran,https://media.api-sports.io/football/leagues/905.png,,2026-09-24 13:48:10.778378+06:30,,f,999,IR,api-football,Cup,,1862958422,905
869,Super Cup,Belarus,https://media.api-sports.io/football/leagues/812.png,,2026-09-24 13:48:10.778378+06:30,,f,999,BY,api-football,Cup,,2042419461,812
870,Reykjavik Cup,Iceland,https://media.api-sports.io/football/leagues/814.png,,2026-09-24 13:48:10.778378+06:30,,f,999,IS,api-football,Cup,,51801311,814
871,Fotbolti.net Cup A,Iceland,https://media.api-sports.io/football/leagues/815.png,,2026-09-24 13:48:10.778378+06:30,,f,999,IS,api-football,Cup,,51801311,815
872,Super Cup,Kazakhstan,https://media.api-sports.io/football/leagues/818.png,,2026-09-24 13:48:10.778378+06:30,,f,999,KZ,api-football,Cup,,1647100066,818
873,Nasjonal U19 Champions League,Norway,https://media.api-sports.io/football/leagues/823.png,,2026-09-24 13:48:10.778378+06:30,,f,999,NO,api-football,Cup,,1726383440,823
874,Emir Cup,Qatar,https://media.api-sports.io/football/leagues/824.png,,2026-09-24 13:48:10.778378+06:30,,f,999,QA,api-football,Cup,,2106369147,824
875,Qatar Cup,Qatar,https://media.api-sports.io/football/leagues/825.png,,2026-09-24 13:48:10.778378+06:30,,f,999,QA,api-football,Cup,,2106369147,825
876,Super Cup,Saudi-Arabia,https://media.api-sports.io/football/leagues/826.png,,2026-09-24 13:48:10.778378+06:30,,f,999,SA,api-football,Cup,,660825839,826
877,Super Cup,Vietnam,https://media.api-sports.io/football/leagues/831.png,,2026-09-24 13:48:10.778378+06:30,,f,999,VN,api-football,Cup,,1603247667,831
878,Queensland Premier League,Australia,https://media.api-sports.io/football/leagues/833.png,,2026-09-24 13:48:10.778378+06:30,,f,999,AU,api-football,League,,2066371799,833
879,South Australia State League 1,Australia,https://media.api-sports.io/football/leagues/834.png,,2026-09-24 13:48:10.778378+06:30,,f,999,AU,api-football,League,,2066371799,834
880,New South Wales NPL 2,Australia,https://media.api-sports.io/football/leagues/835.png,,2026-09-24 13:48:10.778378+06:30,,f,999,AU,api-football,League,,2066371799,835
881,Victoria NPL 2,Australia,https://media.api-sports.io/football/leagues/836.png,,2026-09-24 13:48:10.778378+06:30,,f,999,AU,api-football,League,,2066371799,836
882,Super Cup,Lithuania,https://media.api-sports.io/football/leagues/839.png,,2026-09-24 13:48:10.778378+06:30,,f,999,LT,api-football,Cup,,334489957,839
883,Super Copa,Uruguay,https://media.api-sports.io/football/leagues/842.png,,2026-09-24 13:48:10.778378+06:30,,f,999,UY,api-football,Cup,,289582172,842
884,Somali Premier League,Somalia,https://media.api-sports.io/football/leagues/846.png,,2026-09-24 13:48:10.778378+06:30,,f,999,SO,api-football,League,,958381147,846
885,UEFA Europa Conference League,World,https://media.api-sports.io/football/leagues/848.png,,2026-09-24 13:48:10.778378+06:30,,f,999,,api-football,Cup,,2105094199,848
886,Carioca A2,Brazil,https://media.api-sports.io/football/leagues/851.png,,2026-09-24 13:48:10.778378+06:30,,f,999,BR,api-football,League,,1851761881,851
887,Super Cup,Cyprus,https://media.api-sports.io/football/leagues/852.png,,2026-09-24 13:48:10.778378+06:30,,f,999,CY,api-football,Cup,,1835583439,852
888,Supercopa de Ecuador,Ecuador,https://media.api-sports.io/football/leagues/853.png,,2026-09-24 13:48:10.778378+06:30,,f,999,EC,api-football,Cup,,726276149,853
889,WE League,Japan,https://media.api-sports.io/football/leagues/854.png,,2026-09-24 13:48:10.778378+06:30,,f,999,JP,api-football,League,,1468978596,854
890,Dhivehi Premier League,Maldives,https://media.api-sports.io/football/leagues/855.png,,2026-09-24 13:48:10.778378+06:30,,f,999,MV,api-football,League,,1807889632,855
891,CONCACAF Caribbean Club Championship,World,https://media.api-sports.io/football/leagues/856.png,,2026-09-24 13:48:10.778378+06:30,,f,999,,api-football,Cup,,2105094199,856
892,Campeón de Campeones,Mexico,https://media.api-sports.io/football/leagues/857.png,,2026-09-24 13:48:10.778378+06:30,,f,999,MX,api-football,Cup,,1323288868,857
893,CONCACAF Gold Cup - Qualification,World,https://media.api-sports.io/football/leagues/858.png,,2026-09-24 13:48:10.778378+06:30,,f,999,,api-football,Cup,,2105094199,858
894,COSAFA Cup,World,https://media.api-sports.io/football/leagues/859.png,,2026-09-24 13:48:10.778378+06:30,,f,999,,api-football,Cup,,2105094199,859
895,Arab Cup,World,https://media.api-sports.io/football/leagues/860.png,,2026-09-24 13:48:10.778378+06:30,,f,999,,api-football,Cup,,2105094199,860
896,U20 League,Mexico,https://media.api-sports.io/football/leagues/861.png,,2026-09-24 13:48:10.778378+06:30,,f,999,MX,api-football,League,,1323288868,861
897,3. Division,Denmark,https://media.api-sports.io/football/leagues/862.png,,2026-09-24 13:48:10.778378+06:30,,f,999,DK,api-football,League,,1765234433,862
898,Supercopa,Costa-Rica,https://media.api-sports.io/football/leagues/864.png,,2026-09-24 13:48:10.778378+06:30,,f,999,CR,api-football,Cup,,112128789,864
899,Youth Viareggio Cup,World,https://media.api-sports.io/football/leagues/910.png,,2026-09-24 13:48:10.778378+06:30,,f,999,,api-football,Cup,,2105094199,910
900,MLS Next Pro,USA,https://media.api-sports.io/football/leagues/909.png,,2026-09-24 13:48:10.778378+06:30,,f,999,US,api-football,League,,765801221,909
901,Southeast Asian Games,World,https://media.api-sports.io/football/leagues/911.png,,2026-09-24 13:48:10.778378+06:30,,f,999,,api-football,Cup,,2105094199,911
902,CONCACAF Women U17,World,https://media.api-sports.io/football/leagues/912.png,,2026-09-24 13:48:10.778378+06:30,,f,999,,api-football,Cup,,2105094199,912
903,CONMEBOL - UEFA Finalissima,World,https://media.api-sports.io/football/leagues/913.png,,2026-09-24 13:48:10.778378+06:30,,f,999,,api-football,Cup,,2105094199,913
904,Tournoi Maurice Revello,World,https://media.api-sports.io/football/leagues/914.png,,2026-09-24 13:48:10.778378+06:30,,f,999,,api-football,Cup,,2105094199,914
905,1. Division Women,Norway,https://media.api-sports.io/football/leagues/915.png,,2026-09-24 13:48:10.778378+06:30,,f,999,NO,api-football,League,,1726383440,915
906,Kirin Cup,World,https://media.api-sports.io/football/leagues/916.png,,2026-09-24 13:48:10.778378+06:30,,f,999,,api-football,Cup,,2105094199,916
907,Copa Ecuador,Ecuador,https://media.api-sports.io/football/leagues/917.png,,2026-09-24 13:48:10.778378+06:30,,f,999,EC,api-football,Cup,,726276149,917
908,UEFA U19 Championship - Women,World,https://media.api-sports.io/football/leagues/918.png,,2026-09-24 13:48:10.778378+06:30,,f,999,,api-football,Cup,,2105094199,918
909,Mediterranean Games,World,https://media.api-sports.io/football/leagues/919.png,,2026-09-24 13:48:10.778378+06:30,,f,999,,api-football,Cup,,2105094199,919
910,World Cup - U20 - Women,World,https://media.api-sports.io/football/leagues/920.png,,2026-09-24 13:48:10.778378+06:30,,f,999,,api-football,Cup,,2105094199,920
911,UEFA U17 Championship,World,https://media.api-sports.io/football/leagues/921.png,,2026-09-24 13:48:10.778378+06:30,,f,999,,api-football,Cup,,2105094199,921
912,Africa Cup of Nations - Women,World,https://media.api-sports.io/football/leagues/922.png,,2026-09-24 13:48:10.778378+06:30,,f,999,,api-football,Cup,,2105094199,922
913,League 1 Ontario,Canada,https://media.api-sports.io/football/leagues/923.png,,2026-09-24 13:48:10.778378+06:30,,f,999,CA,api-football,League,,1118493379,923
914,Piala Presiden,Indonesia,https://media.api-sports.io/football/leagues/924.png,,2026-09-24 13:48:10.778378+06:30,,f,999,ID,api-football,Cup,,1302514080,924
915,Copa America Femenina,World,https://media.api-sports.io/football/leagues/926.png,,2026-09-24 13:48:10.778378+06:30,,f,999,,api-football,Cup,,2105094199,926
916,World Cup - Women - Qualification Concacaf,World,https://media.api-sports.io/football/leagues/927.png,,2026-09-24 13:48:10.778378+06:30,,f,999,,api-football,Cup,,2105094199,927
917,ASEAN Championship U19,World,https://media.api-sports.io/football/leagues/928.png,,2026-09-24 13:48:10.778378+06:30,,f,999,,api-football,Cup,,2105094199,928
918,League Two,China,https://media.api-sports.io/football/leagues/929.png,,2026-09-24 13:48:10.778378+06:30,,f,999,CN,api-football,League,,175995811,929
919,Copa Uruguay,Uruguay,https://media.api-sports.io/football/leagues/930.png,,2026-09-24 13:48:10.778378+06:30,,f,999,UY,api-football,Cup,,289582172,930
920,Non League Premier - Southern Central,England,https://media.api-sports.io/football/leagues/931.png,,2026-09-24 13:48:10.778378+06:30,,f,999,GB-ENG,api-football,League,,1955094987,931
921,Non League Div One - Northern East,England,https://media.api-sports.io/football/leagues/932.png,,2026-09-24 13:48:10.778378+06:30,,f,999,GB-ENG,api-football,League,,1955094987,932
922,Non League Div One - Southern Central,England,https://media.api-sports.io/football/leagues/933.png,,2026-09-24 13:48:10.778378+06:30,,f,999,GB-ENG,api-football,League,,1955094987,933
923,Arab Championship - U20,World,https://media.api-sports.io/football/leagues/934.png,,2026-09-24 13:48:10.778378+06:30,,f,999,,api-football,Cup,,2105094199,934
924,Diski Shield,South-Africa,https://media.api-sports.io/football/leagues/935.png,,2026-09-24 13:48:10.778378+06:30,,f,999,ZA,api-football,Cup,,1357748937,935
925,Catarinense - 2,Brazil,https://media.api-sports.io/football/leagues/936.png,,2026-09-24 13:48:10.778378+06:30,,f,999,BR,api-football,League,,1851761881,936
926,Emirates Cup,World,https://media.api-sports.io/football/leagues/937.png,,2026-09-24 13:48:10.778378+06:30,,f,999,,api-football,Cup,,2105094199,937
927,Oberliga - Bayern Nord,Germany,https://media.api-sports.io/football/leagues/938.png,,2026-09-24 13:48:10.778378+06:30,,f,999,DE,api-football,League,,686765747,938
928,Oberliga - Bayern Süd,Germany,https://media.api-sports.io/football/leagues/939.png,,2026-09-24 13:48:10.778378+06:30,,f,999,DE,api-football,League,,686765747,939
929,COTIF Tournament,World,https://media.api-sports.io/football/leagues/940.png,,2026-09-24 13:48:10.778378+06:30,,f,999,,api-football,Cup,,2105094199,940
930,Islamic Solidarity Games,World,https://media.api-sports.io/football/leagues/941.png,,2026-09-24 13:48:10.778378+06:30,,f,999,,api-football,Cup,,2105094199,941
931,UEFA U17 Championship - Qualification,World,https://media.api-sports.io/football/leagues/886.png,,2026-09-24 13:48:10.778378+06:30,,f,999,,api-football,Cup,,2105094199,886
932,UEFA U19 Championship - Qualification,World,https://media.api-sports.io/football/leagues/893.png,,2026-09-24 13:48:10.778378+06:30,,f,999,,api-football,Cup,,2105094199,893
933,Asian Cup Women - Qualification,World,https://media.api-sports.io/football/leagues/894.png,,2026-09-24 13:48:10.778378+06:30,,f,999,,api-football,Cup,,2105094199,894
934,Asian Cup Women,World,https://media.api-sports.io/football/leagues/897.png,,2026-09-24 13:48:10.778378+06:30,,f,999,,api-football,Cup,,2105094199,897
935,League Cup,Finland,https://media.api-sports.io/football/leagues/899.png,,2026-09-24 13:48:10.778378+06:30,,f,999,FI,api-football,Cup,,1662862570,899
936,Tipsport Malta Cup,World,https://media.api-sports.io/football/leagues/900.png,,2026-09-24 13:48:10.778378+06:30,,f,999,,api-football,Cup,,2105094199,900
937,Ykköscup,Finland,https://media.api-sports.io/football/leagues/901.png,,2026-09-24 13:48:10.778378+06:30,,f,999,FI,api-football,Cup,,1662862570,901
938,SheBelieves Cup,World,https://media.api-sports.io/football/leagues/904.png,,2026-09-24 13:48:10.778378+06:30,,f,999,,api-football,Cup,,2105094199,904
939,Reserve League,Argentina,https://media.api-sports.io/football/leagues/906.png,,2026-09-24 13:48:10.778378+06:30,,f,999,AR,api-football,League,,710061511,906
940,Primera Division,Cuba,https://media.api-sports.io/football/leagues/907.png,,2026-09-24 13:48:10.778378+06:30,,f,999,CU,api-football,League,,730123613,907
941,ASEAN Championship U23,World,https://media.api-sports.io/football/leagues/908.png,,2026-09-24 13:48:10.778378+06:30,,f,999,,api-football,Cup,,2105094199,908
942,Non League Div One - Play-offs,England,https://media.api-sports.io/football/leagues/986.png,,2026-09-24 13:48:10.778378+06:30,,f,999,GB-ENG,api-football,League,,1955094987,986
943,U18 Premier League - Championship,England,https://media.api-sports.io/football/leagues/987.png,,2026-09-24 13:48:10.778378+06:30,,f,999,GB-ENG,api-football,League,,1955094987,987
944,Oberliga - Promotion Round,Germany,https://media.api-sports.io/football/leagues/988.png,,2026-09-24 13:48:10.778378+06:30,,f,999,DE,api-football,League,,686765747,988
945,Oberliga - Relegation Round,Germany,https://media.api-sports.io/football/leagues/989.png,,2026-09-24 13:48:10.778378+06:30,,f,999,DE,api-football,League,,686765747,989
946,Gamma Ethniki - Promotion Group,Greece,https://media.api-sports.io/football/leagues/990.png,,2026-09-24 13:48:10.778378+06:30,,f,999,GR,api-football,League,,1086173280,990
947,Campeonato de Portugal Prio - Promotion Round,Portugal,https://media.api-sports.io/football/leagues/991.png,,2026-09-24 13:48:10.778378+06:30,,f,999,PT,api-football,League,,772729455,991
948,Football League - Championship,Scotland,https://media.api-sports.io/football/leagues/992.png,,2026-09-24 13:48:10.778378+06:30,,f,999,GB-SCT,api-football,League,,818809674,992
949,Non League Premier - Isthmian - Play-offs,England,https://media.api-sports.io/football/leagues/993.png,,2026-09-24 13:48:10.778378+06:30,,f,999,GB-ENG,api-football,League,,1955094987,993
950,Non League Premier - Northern - Play-offs,England,https://media.api-sports.io/football/leagues/994.png,,2026-09-24 13:48:10.778378+06:30,,f,999,GB-ENG,api-football,League,,1955094987,994
996,Provincial - Play-offs ACFF,Belgium,https://media.api-sports.io/football/leagues/980.png,,2026-09-24 13:48:10.778378+06:30,,f,999,BE,api-football,League,,1945764105,980
951,Non League Premier - Southern South - Play-offs,England,https://media.api-sports.io/football/leagues/995.png,,2026-09-24 13:48:10.778378+06:30,,f,999,GB-ENG,api-football,League,,1955094987,995
952,Non League Premier - Southern Central - Play-offs,England,https://media.api-sports.io/football/leagues/996.png,,2026-09-24 13:48:10.778378+06:30,,f,999,GB-ENG,api-football,League,,1955094987,996
953,Serie D - Promotion - Play-offs,Italy,https://media.api-sports.io/football/leagues/997.png,,2026-09-24 13:48:10.778378+06:30,,f,999,IT,api-football,League,,984919096,997
954,Serie D - Relegation - Play-offs,Italy,https://media.api-sports.io/football/leagues/998.png,,2026-09-24 13:48:10.778378+06:30,,f,999,IT,api-football,League,,984919096,998
955,Serie D - Championship Round,Italy,https://media.api-sports.io/football/leagues/999.png,,2026-09-24 13:48:10.778378+06:30,,f,999,IT,api-football,League,,984919096,999
956,Segunda División RFEF - Play-offs,Spain,https://media.api-sports.io/football/leagues/1000.png,,2026-09-24 13:48:10.778378+06:30,,f,999,ES,api-football,League,,390583474,1000
957,Regionalliga - Promotion Play-offs,Germany,https://media.api-sports.io/football/leagues/1002.png,,2026-09-24 13:48:10.778378+06:30,,f,999,DE,api-football,League,,686765747,1002
958,Regionalliga - Relegation Round,Germany,https://media.api-sports.io/football/leagues/1003.png,,2026-09-24 13:48:10.778378+06:30,,f,999,DE,api-football,League,,686765747,1003
959,Derde Divisie - Relegation Round,Netherlands,https://media.api-sports.io/football/leagues/1004.png,,2026-09-24 13:48:10.778378+06:30,,f,999,NL,api-football,League,,1629702244,1004
960,1. Liga Classic - Play-offs,Switzerland,https://media.api-sports.io/football/leagues/1005.png,,2026-09-24 13:48:10.778378+06:30,,f,999,CH,api-football,League,,228349791,1005
961,Primera División RFEF - Play Offs,Spain,https://media.api-sports.io/football/leagues/1006.png,,2026-09-24 13:48:10.778378+06:30,,f,999,ES,api-football,League,,390583474,1006
962,3. Lig - Play-offs,Turkey,https://media.api-sports.io/football/leagues/1007.png,,2026-09-24 13:48:10.778378+06:30,,f,999,TR,api-football,League,,1534531403,1007
963,Liga III - Play-offs,Romania,https://media.api-sports.io/football/leagues/1009.png,,2026-09-24 13:48:10.778378+06:30,,f,999,RO,api-football,League,,151347096,1009
964,3. liga - Promotion Play-off,Czech-Republic,https://media.api-sports.io/football/leagues/1010.png,,2026-09-24 13:48:10.778378+06:30,,f,999,CZ,api-football,League,,49633419,1010
965,Second Amateur Division - Play-offs,Belgium,https://media.api-sports.io/football/leagues/1011.png,,2026-09-24 13:48:10.778378+06:30,,f,999,BE,api-football,League,,1945764105,1011
966,Second League - Play-offs,Egypt,https://media.api-sports.io/football/leagues/1014.png,,2026-09-24 13:48:10.778378+06:30,,f,999,EG,api-football,League,,1177930067,1014
967,CAC Games,World,https://media.api-sports.io/football/leagues/1016.png,,2026-09-24 13:48:10.778378+06:30,,f,999,,api-football,Cup,,2105094199,1016
968,Super Cup,Oman,https://media.api-sports.io/football/leagues/944.png,,2026-09-24 13:48:10.778378+06:30,,f,999,OM,api-football,Cup,,759398355,944
969,International Champions Cup - Women,World,https://media.api-sports.io/football/leagues/945.png,,2026-09-24 13:48:10.778378+06:30,,f,999,,api-football,Cup,,2105094199,945
970,Second NL,Croatia,https://media.api-sports.io/football/leagues/946.png,,2026-09-24 13:48:10.778378+06:30,,f,999,HR,api-football,League,,645283928,946
971,DFB Pokal - Women,Germany,https://media.api-sports.io/football/leagues/947.png,,2026-09-24 13:48:10.778378+06:30,,f,999,DE,api-football,Cup,,686765747,947
972,1a Divisão - Women,Portugal,https://media.api-sports.io/football/leagues/948.png,,2026-09-24 13:48:10.778378+06:30,,f,999,PT,api-football,League,,772729455,948
973,CONMEBOL Libertadores Femenina,World,https://media.api-sports.io/football/leagues/949.png,,2026-09-24 13:48:10.778378+06:30,,f,999,,api-football,Cup,,2105094199,949
974,World Cup - U17 - Women,World,https://media.api-sports.io/football/leagues/950.png,,2026-09-24 13:48:10.778378+06:30,,f,999,,api-football,Cup,,2105094199,950
975,South American Youth Games,World,https://media.api-sports.io/football/leagues/951.png,,2026-09-24 13:48:10.778378+06:30,,f,999,,api-football,Cup,,2105094199,951
976,AFC U23 Asian Cup - Qualification,World,https://media.api-sports.io/football/leagues/952.png,,2026-09-24 13:48:10.778378+06:30,,f,999,,api-football,Cup,,2105094199,952
977,Africa U23 Cup of Nations - Qualification,World,https://media.api-sports.io/football/leagues/953.png,,2026-09-24 13:48:10.778378+06:30,,f,999,,api-football,Cup,,2105094199,953
978,National League - Central,New-Zealand,https://media.api-sports.io/football/leagues/954.png,,2026-09-24 13:48:10.778378+06:30,,f,999,NZ,api-football,League,,1952917739,954
979,National League - National,New-Zealand,https://media.api-sports.io/football/leagues/955.png,,2026-09-24 13:48:10.778378+06:30,,f,999,NZ,api-football,League,,1952917739,955
980,National League - Northern,New-Zealand,https://media.api-sports.io/football/leagues/956.png,,2026-09-24 13:48:10.778378+06:30,,f,999,NZ,api-football,League,,1952917739,956
981,National League - Southern,New-Zealand,https://media.api-sports.io/football/leagues/957.png,,2026-09-24 13:48:10.778378+06:30,,f,999,NZ,api-football,League,,1952917739,957
982,Copa Costa Rica,Costa-Rica,https://media.api-sports.io/football/leagues/958.png,,2026-09-24 13:48:10.778378+06:30,,f,999,CR,api-football,Cup,,112128789,958
983,Cup,Singapore,https://media.api-sports.io/football/leagues/959.png,,2026-09-24 13:48:10.778378+06:30,,f,999,SG,api-football,Cup,,1394180023,959
984,Supercopa,Paraguay,https://media.api-sports.io/football/leagues/961.png,,2026-09-24 13:48:10.778378+06:30,,f,999,PY,api-football,Cup,,1001373656,961
985,Premier League,Lesotho,https://media.api-sports.io/football/leagues/962.png,,2026-09-24 13:48:10.778378+06:30,,f,999,LS,api-football,League,,885638634,962
986,Cup,Ghana,https://media.api-sports.io/football/leagues/966.png,,2026-09-24 13:48:10.778378+06:30,,f,999,GH,api-football,Cup,,241191387,966
987,Cup,Lebanon,https://media.api-sports.io/football/leagues/967.png,,2026-09-24 13:48:10.778378+06:30,,f,999,LB,api-football,Cup,,350593604,967
988,Championnat D1,Gabon,https://media.api-sports.io/football/leagues/968.png,,2026-09-24 13:48:10.778378+06:30,,f,999,GA,api-football,League,,1847674076,968
989,Shield Cup,Kenya,https://media.api-sports.io/football/leagues/971.png,,2026-09-24 13:48:10.778378+06:30,,f,999,KE,api-football,Cup,,1467912287,971
990,Serie C - Relegation - Play-offs,Italy,https://media.api-sports.io/football/leagues/975.png,,2026-09-24 13:48:10.778378+06:30,,f,999,IT,api-football,League,,984919096,975
991,Serie C - Promotion - Play-offs,Italy,https://media.api-sports.io/football/leagues/976.png,,2026-09-24 13:48:10.778378+06:30,,f,999,IT,api-football,League,,984919096,976
992,Serie C - Supercoppa Lega Finals,Italy,https://media.api-sports.io/football/leagues/974.png,,2026-09-24 13:48:10.778378+06:30,,f,999,IT,api-football,League,,984919096,974
993,Tercera División RFEF - Promotion - Play-offs,Spain,https://media.api-sports.io/football/leagues/977.png,,2026-09-24 13:48:10.778378+06:30,,f,999,ES,api-football,League,,390583474,977
994,2nd Division - Play-offs,Albania,https://media.api-sports.io/football/leagues/978.png,,2026-09-24 13:48:10.778378+06:30,,f,999,AL,api-football,League,,855890680,978
995,Provincial - Play-offs VV,Belgium,https://media.api-sports.io/football/leagues/979.png,,2026-09-24 13:48:10.778378+06:30,,f,999,BE,api-football,League,,1945764105,979
997,Third Amateur Division - Play-offs,Belgium,https://media.api-sports.io/football/leagues/981.png,,2026-09-24 13:48:10.778378+06:30,,f,999,BE,api-football,League,,1945764105,981
998,Denmark Series - Promotion Round,Denmark,https://media.api-sports.io/football/leagues/982.png,,2026-09-24 13:48:10.778378+06:30,,f,999,DK,api-football,League,,1765234433,982
999,Denmark Series - Relegation Round,Denmark,https://media.api-sports.io/football/leagues/983.png,,2026-09-24 13:48:10.778378+06:30,,f,999,DK,api-football,League,,1765234433,983
1000,National League - North - Play-offs,England,https://media.api-sports.io/football/leagues/984.png,,2026-09-24 13:48:10.778378+06:30,,f,999,GB-ENG,api-football,League,,1955094987,984
1001,National League - South - Play-offs,England,https://media.api-sports.io/football/leagues/985.png,,2026-09-24 13:48:10.778378+06:30,,f,999,GB-ENG,api-football,League,,1955094987,985
1002,Premier League,Bhutan,https://media.api-sports.io/football/leagues/1031.png,,2026-09-24 13:48:10.778378+06:30,,f,999,BT,api-football,League,,1786022839,1031
1003,Copa de la Liga Profesional,Argentina,https://media.api-sports.io/football/leagues/1032.png,,2026-09-24 13:48:10.778378+06:30,,f,999,AR,api-football,League,,710061511,1032
1004,Ekstraliga Women,Poland,https://media.api-sports.io/football/leagues/1033.png,,2026-09-24 13:48:10.778378+06:30,,f,999,PL,api-football,League,,1862845917,1033
1005,2. Frauen Bundesliga,Germany,https://media.api-sports.io/football/leagues/1034.png,,2026-09-24 13:48:10.778378+06:30,,f,999,DE,api-football,League,,686765747,1034
1006,Copa Rio,Brazil,https://media.api-sports.io/football/leagues/1035.png,,2026-09-24 13:48:10.778378+06:30,,f,999,BR,api-football,Cup,,1851761881,1035
1007,Copa Santa Catarina,Brazil,https://media.api-sports.io/football/leagues/1036.png,,2026-09-24 13:48:10.778378+06:30,,f,999,BR,api-football,Cup,,1851761881,1036
1008,Paraibano 2,Brazil,https://media.api-sports.io/football/leagues/1037.png,,2026-09-24 13:48:10.778378+06:30,,f,999,BR,api-football,League,,1851761881,1037
1009,King's Cup,World,https://media.api-sports.io/football/leagues/1038.png,,2026-09-24 13:48:10.778378+06:30,,f,999,,api-football,Cup,,2105094199,1038
1010,Premier League International Cup,World,https://media.api-sports.io/football/leagues/1039.png,,2026-09-24 13:48:10.778378+06:30,,f,999,,api-football,Cup,,2105094199,1039
1011,UEFA Nations League - Women,World,https://media.api-sports.io/football/leagues/1040.png,,2026-09-24 13:48:10.778378+06:30,,f,999,,api-football,Cup,,2105094199,1040
1012,Júniores U19,Portugal,https://media.api-sports.io/football/leagues/1041.png,,2026-09-24 13:48:10.778378+06:30,,f,999,PT,api-football,League,,772729455,1041
1013,Super Cup,Gibraltar,https://media.api-sports.io/football/leagues/1042.png,,2026-09-24 13:48:10.778378+06:30,,f,999,GI,api-football,Cup,,1813756106,1042
1014,African Football League,World,https://media.api-sports.io/football/leagues/1043.png,,2026-09-24 13:48:10.778378+06:30,,f,999,,api-football,Cup,,2105094199,1043
1015,Erste Liga Cup,Switzerland,https://media.api-sports.io/football/leagues/1044.png,,2026-09-24 13:48:10.778378+06:30,,f,999,CH,api-football,Cup,,228349791,1044
1016,Pan American Games,World,https://media.api-sports.io/football/leagues/1045.png,,2026-09-24 13:48:10.778378+06:30,,f,999,,api-football,Cup,,2105094199,1045
1017,Premier Division,Antigua-And-Barbuda,https://media.api-sports.io/football/leagues/1048.png,,2026-09-24 13:48:10.778378+06:30,,f,999,AG,api-football,League,,1743193921,1048
1018,King's Cup,Bahrain,https://media.api-sports.io/football/leagues/1049.png,,2026-09-24 13:48:10.778378+06:30,,f,999,BH,api-football,Cup,,397905019,1049
1019,Super Cup,Malta,https://media.api-sports.io/football/leagues/1050.png,,2026-09-24 13:48:10.778378+06:30,,f,999,MT,api-football,Cup,,1376424040,1050
1020,Kakkonen - Play-offs,Finland,https://media.api-sports.io/football/leagues/1052.png,,2026-09-24 13:48:10.778378+06:30,,f,999,FI,api-football,League,,1662862570,1052
1021,Division 2 - Play-offs,Sweden,https://media.api-sports.io/football/leagues/1053.png,,2026-09-24 13:48:10.778378+06:30,,f,999,SE,api-football,League,,149237477,1053
1022,2. Division - Play-offs,Norway,https://media.api-sports.io/football/leagues/1054.png,,2026-09-24 13:48:10.778378+06:30,,f,999,NO,api-football,League,,1726383440,1054
1023,Ettan - Relegation Round,Sweden,https://media.api-sports.io/football/leagues/1055.png,,2026-09-24 13:48:10.778378+06:30,,f,999,SE,api-football,League,,149237477,1055
1024,National League - Championship - Final,New-Zealand,https://media.api-sports.io/football/leagues/1056.png,,2026-09-24 13:48:10.778378+06:30,,f,999,NZ,api-football,League,,1952917739,1056
1025,Supercopa Femenina,Spain,https://media.api-sports.io/football/leagues/1058.png,,2026-09-24 13:48:10.778378+06:30,,f,999,ES,api-football,Cup,,390583474,1058
1026,Second League A - Spring Season Gold,Russia,https://media.api-sports.io/football/leagues/1061.png,,2026-09-24 13:48:10.778378+06:30,,f,999,RU,api-football,League,,476208328,1061
1027,Second League A - Spring Season Silver,Russia,https://media.api-sports.io/football/leagues/1064.png,,2026-09-24 13:48:10.778378+06:30,,f,999,RU,api-football,League,,476208328,1064
1028,U19 League,Ukraine,https://media.api-sports.io/football/leagues/1065.png,,2026-09-24 13:48:10.778378+06:30,,f,999,UA,api-football,League,,1259279705,1065
1029,FA Youth Cup,England,https://media.api-sports.io/football/leagues/1068.png,,2026-09-24 13:48:10.778378+06:30,,f,999,GB-ENG,api-football,Cup,,1955094987,1068
1030,All Africa Games,World,https://media.api-sports.io/football/leagues/1072.png,,2026-09-24 13:48:10.778378+06:30,,f,999,,api-football,Cup,,2105094199,1072
1031,SWPL Cup,Scotland,https://media.api-sports.io/football/leagues/1074.png,,2026-09-24 13:48:10.778378+06:30,,f,999,GB-SCT,api-football,Cup,,818809674,1074
1032,World Cup - Women - Qualification Europe,World,https://media.api-sports.io/football/leagues/880.png,,2026-09-24 13:48:10.778378+06:30,,f,999,,api-football,Cup,,2105094199,880
1033,SWF Scottish Cup,Scotland,https://media.api-sports.io/football/leagues/1078.png,,2026-09-24 13:48:10.778378+06:30,,f,999,GB-SCT,api-football,Cup,,818809674,1078
1034,Yemeni League,Yemen,https://media.api-sports.io/football/leagues/1079.png,,2026-09-24 13:48:10.778378+06:30,,f,999,YE,api-football,League,,1228831385,1079
1035,Premier Division,Grenada,https://media.api-sports.io/football/leagues/1080.png,,2026-09-24 13:48:10.778378+06:30,,f,999,GD,api-football,League,,1791659771,1080
1036,Championnat National,Togo,https://media.api-sports.io/football/leagues/1084.png,,2026-09-24 13:48:10.778378+06:30,,f,999,TG,api-football,League,,1517242140,1084
1037,Gamma Ethniki - Relegation Play-offs,Greece,https://media.api-sports.io/football/leagues/1099.png,,2026-09-24 13:48:10.778378+06:30,,f,999,GR,api-football,League,,1086173280,1099
1038,Super Cup,Bahrain,https://media.api-sports.io/football/leagues/1109.png,,2026-09-24 13:48:10.778378+06:30,,f,999,BH,api-football,Cup,,397905019,1109
1039,NB III - Promotion Play-offs,Hungary,https://media.api-sports.io/football/leagues/1111.png,,2026-09-24 13:48:10.778378+06:30,,f,999,HU,api-football,League,,994819255,1111
1040,Second League A - Promotion Play-offs,Russia,https://media.api-sports.io/football/leagues/1121.png,,2026-09-24 13:48:10.778378+06:30,,f,999,RU,api-football,League,,476208328,1121
1041,CAFA Nations Cup,World,https://media.api-sports.io/football/leagues/1008.png,,2026-09-24 13:48:10.778378+06:30,,f,999,,api-football,Cup,,2105094199,1008
1042,AFC U17 Asian Cup,World,https://media.api-sports.io/football/leagues/1012.png,,2026-09-24 13:48:10.778378+06:30,,f,999,,api-football,Cup,,2105094199,1012
1043,All-Island Cup - Women,World,https://media.api-sports.io/football/leagues/1013.png,,2026-09-24 13:48:10.778378+06:30,,f,999,,api-football,Cup,,2105094199,1013
1044,CAF U23 Cup of Nations,World,https://media.api-sports.io/football/leagues/1015.png,,2026-09-24 13:48:10.778378+06:30,,f,999,,api-football,Cup,,2105094199,1015
1045,U23 League,Mexico,https://media.api-sports.io/football/leagues/1017.png,,2026-09-24 13:48:10.778378+06:30,,f,999,MX,api-football,League,,1323288868,1017
1046,Federation Cup,Lebanon,https://media.api-sports.io/football/leagues/1018.png,,2026-09-24 13:48:10.778378+06:30,,f,999,LB,api-football,Cup,,350593604,1018
1047,Charity Shield,Northern-Ireland,https://media.api-sports.io/football/leagues/1019.png,,2026-09-24 13:48:10.778378+06:30,,f,999,GB-NIR,api-football,Cup,,1533787710,1019
1048,Calcutta Premier Division,India,https://media.api-sports.io/football/leagues/1020.png,,2026-09-24 13:48:10.778378+06:30,,f,999,IN,api-football,League,,296321908,1020
1049,Super Cup,Croatia,https://media.api-sports.io/football/leagues/1021.png,,2026-09-24 13:48:10.778378+06:30,,f,999,HR,api-football,Cup,,645283928,1021
1050,Premier League - Summer Series,England,https://media.api-sports.io/football/leagues/1022.png,,2026-09-24 13:48:10.778378+06:30,,f,999,GB-ENG,api-football,League,,1955094987,1022
1051,NB III - Southeast,Hungary,https://media.api-sports.io/football/leagues/1023.png,,2026-09-24 13:48:10.778378+06:30,,f,999,HU,api-football,League,,994819255,1023
1052,UEFA - CONMEBOL - Club Challenge,World,https://media.api-sports.io/football/leagues/1024.png,,2026-09-24 13:48:10.778378+06:30,,f,999,,api-football,Cup,,2105094199,1024
1053,Second League A - Division A Gold,Russia,https://media.api-sports.io/football/leagues/1025.png,,2026-09-24 13:48:10.778378+06:30,,f,999,RU,api-football,League,,476208328,1025
1054,Second League A - Division A Silver,Russia,https://media.api-sports.io/football/leagues/1026.png,,2026-09-24 13:48:10.778378+06:30,,f,999,RU,api-football,League,,476208328,1026
1055,3. Lig - Group 4,Turkey,https://media.api-sports.io/football/leagues/1027.png,,2026-09-24 13:48:10.778378+06:30,,f,999,TR,api-football,League,,1534531403,1027
1056,CONCACAF Central American Cup,World,https://media.api-sports.io/football/leagues/1028.png,,2026-09-24 13:48:10.778378+06:30,,f,999,,api-football,Cup,,2105094199,1028
1057,National 3 - Group G,France,https://media.api-sports.io/football/leagues/1029.png,,2026-09-24 13:48:10.778378+06:30,,f,999,FR,api-football,League,,1634063603,1029
1058,Goiano - 2,Brazil,https://media.api-sports.io/football/leagues/1030.png,,2026-09-24 13:48:10.778378+06:30,,f,999,BR,api-football,League,,1851761881,1030
1059,UEFA U21 Championship - Qualification,World,https://media.api-sports.io/football/leagues/850.png,,2026-09-24 13:48:10.778378+06:30,,f,999,,api-football,Cup,,2105094199,850
1060,Euro Championship - Qualification,World,https://media.api-sports.io/football/leagues/960.png,,2026-09-24 13:48:10.778378+06:30,,f,999,,api-football,Cup,,2105094199,960
1061,CONCACAF U17,World,https://media.api-sports.io/football/leagues/963.png,,2026-09-24 13:48:10.778378+06:30,,f,999,,api-football,Cup,,2105094199,963
1062,Copa de la División Profesional,Bolivia,https://media.api-sports.io/football/leagues/964.png,,2026-09-24 13:48:10.778378+06:30,,f,999,BO,api-football,Cup,,1987582945,964
1063,AFC U20 Asian Cup,World,https://media.api-sports.io/football/leagues/965.png,,2026-09-24 13:48:10.778378+06:30,,f,999,,api-football,Cup,,2105094199,965
1064,Primeira Divisão,Macao,https://media.api-sports.io/football/leagues/969.png,,2026-09-24 13:48:10.778378+06:30,,f,999,MO,api-football,League,,691812564,969
1065,CONMEBOL - U17,World,https://media.api-sports.io/football/leagues/970.png,,2026-09-24 13:48:10.778378+06:30,,f,999,,api-football,Cup,,2105094199,970
1066,Super Cup,China,https://media.api-sports.io/football/leagues/972.png,,2026-09-24 13:48:10.778378+06:30,,f,999,CN,api-football,Cup,,175995811,972
1067,CAF Cup of Nations - U17,World,https://media.api-sports.io/football/leagues/973.png,,2026-09-24 13:48:10.778378+06:30,,f,999,,api-football,Cup,,2105094199,973
1068,CONCACAF Women U20,World,https://media.api-sports.io/football/leagues/1001.png,,2026-09-24 13:48:10.778378+06:30,,f,999,,api-football,Cup,,2105094199,1001
1069,CONCACAF Gold Cup - Qualification - Women,World,https://media.api-sports.io/football/leagues/1046.png,,2026-09-24 13:48:10.778378+06:30,,f,999,,api-football,Cup,,2105094199,1046
1070,Olympics Women - Qualification CAF,World,https://media.api-sports.io/football/leagues/1047.png,,2026-09-24 13:48:10.778378+06:30,,f,999,,api-football,Cup,,2105094199,1047
1071,HKPL Cup,Hong-Kong,https://media.api-sports.io/football/leagues/1051.png,,2026-09-24 13:48:10.778378+06:30,,f,999,HK,api-football,Cup,,454375341,1051
1072,CONCACAF Gold Cup - Women,World,https://media.api-sports.io/football/leagues/1057.png,,2026-09-24 13:48:10.778378+06:30,,f,999,,api-football,Cup,,2105094199,1057
1073,Recopa Catarinense,Brazil,https://media.api-sports.io/football/leagues/1059.png,,2026-09-24 13:48:10.778378+06:30,,f,999,BR,api-football,Cup,,1851761881,1059
1074,CONMEBOL - Pre-Olympic Tournament,World,https://media.api-sports.io/football/leagues/1060.png,,2026-09-24 13:48:10.778378+06:30,,f,999,,api-football,Cup,,2105094199,1060
1075,Paulista - A4,Brazil,https://media.api-sports.io/football/leagues/1062.png,,2026-09-24 13:48:10.778378+06:30,,f,999,BR,api-football,League,,1851761881,1062
1076,Copa Alagoas,Brazil,https://media.api-sports.io/football/leagues/1063.png,,2026-09-24 13:48:10.778378+06:30,,f,999,BR,api-football,Cup,,1851761881,1063
1077,CONCACAF U20 - Qualification,World,https://media.api-sports.io/football/leagues/1066.png,,2026-09-24 13:48:10.778378+06:30,,f,999,,api-football,Cup,,2105094199,1066
1078,Torneo Promocional Amateur,Argentina,https://media.api-sports.io/football/leagues/1067.png,,2026-09-24 13:48:10.778378+06:30,,f,999,AR,api-football,League,,710061511,1067
1079,Goiano U20,Brazil,https://media.api-sports.io/football/leagues/1069.png,,2026-09-24 13:48:10.778378+06:30,,f,999,BR,api-football,League,,1851761881,1069
1080,AFC U20 Asian Cup - Women,World,https://media.api-sports.io/football/leagues/1070.png,,2026-09-24 13:48:10.778378+06:30,,f,999,,api-football,Cup,,2105094199,1070
1081,Paranaense U20,Brazil,https://media.api-sports.io/football/leagues/1071.png,,2026-09-24 13:48:10.778378+06:30,,f,999,BR,api-football,League,,1851761881,1071
1082,Baiano U20,Brazil,https://media.api-sports.io/football/leagues/1073.png,,2026-09-24 13:48:10.778378+06:30,,f,999,BR,api-football,League,,1851761881,1073
1083,Pro League A,Uzbekistan,https://media.api-sports.io/football/leagues/1075.png,,2026-09-24 13:48:10.778378+06:30,,f,999,UZ,api-football,League,,706431846,1075
1084,Catarinense U20,Brazil,https://media.api-sports.io/football/leagues/1076.png,,2026-09-24 13:48:10.778378+06:30,,f,999,BR,api-football,League,,1851761881,1076
1085,WAFF Championship U23,World,https://media.api-sports.io/football/leagues/1077.png,,2026-09-24 13:48:10.778378+06:30,,f,999,,api-football,Cup,,2105094199,1077
1086,CONMEBOL - U17 Femenino,World,https://media.api-sports.io/football/leagues/1081.png,,2026-09-24 13:48:10.778378+06:30,,f,999,,api-football,Cup,,2105094199,1081
1087,Copa Rio U20,Brazil,https://media.api-sports.io/football/leagues/1082.png,,2026-09-24 13:48:10.778378+06:30,,f,999,BR,api-football,Cup,,1851761881,1082
1088,CONMEBOL U20 Femenino,World,https://media.api-sports.io/football/leagues/1085.png,,2026-09-24 13:48:10.778378+06:30,,f,999,,api-football,Cup,,2105094199,1085
1089,Paulista - U20,Brazil,https://media.api-sports.io/football/leagues/1086.png,,2026-09-24 13:48:10.778378+06:30,,f,999,BR,api-football,League,,1851761881,1086
1090,Ykkösliiga,Finland,https://media.api-sports.io/football/leagues/1087.png,,2026-09-24 13:48:10.778378+06:30,,f,999,FI,api-football,League,,1662862570,1087
1091,Pernambucano - U20,Brazil,https://media.api-sports.io/football/leagues/1088.png,,2026-09-24 13:48:10.778378+06:30,,f,999,BR,api-football,League,,1851761881,1088
1092,UAE-Qatar - Super Shield,World,https://media.api-sports.io/football/leagues/1089.png,,2026-09-24 13:48:10.778378+06:30,,f,999,,api-football,Cup,,2105094199,1089
1093,NNSW League 1,Australia,https://media.api-sports.io/football/leagues/1090.png,,2026-09-24 13:48:10.778378+06:30,,f,999,AU,api-football,League,,2066371799,1090
1094,Tasmania Northern Championship,Australia,https://media.api-sports.io/football/leagues/1091.png,,2026-09-24 13:48:10.778378+06:30,,f,999,AU,api-football,League,,2066371799,1091
1095,Capital Territory NPL 2,Australia,https://media.api-sports.io/football/leagues/1092.png,,2026-09-24 13:48:10.778378+06:30,,f,999,AU,api-football,League,,2066371799,1092
1096,Tasmania Southern Championship,Australia,https://media.api-sports.io/football/leagues/1093.png,,2026-09-24 13:48:10.778378+06:30,,f,999,AU,api-football,League,,2066371799,1093
1097,Western Australia State League 1,Australia,https://media.api-sports.io/football/leagues/1094.png,,2026-09-24 13:48:10.778378+06:30,,f,999,AU,api-football,League,,2066371799,1094
1098,USL League One Cup,USA,https://media.api-sports.io/football/leagues/1095.png,,2026-09-24 13:48:10.778378+06:30,,f,999,US,api-football,League,,765801221,1095
1099,Matogrossense 2,Brazil,https://media.api-sports.io/football/leagues/1096.png,,2026-09-24 13:48:10.778378+06:30,,f,999,BR,api-football,League,,1851761881,1096
1100,Copa Espírito Santo,Brazil,https://media.api-sports.io/football/leagues/1097.png,,2026-09-24 13:48:10.778378+06:30,,f,999,BR,api-football,Cup,,1851761881,1097
1101,Paulista Série B,Brazil,https://media.api-sports.io/football/leagues/1098.png,,2026-09-24 13:48:10.778378+06:30,,f,999,BR,api-football,League,,1851761881,1098
1102,Brasiliense U20,Brazil,https://media.api-sports.io/football/leagues/1100.png,,2026-09-24 13:48:10.778378+06:30,,f,999,BR,api-football,League,,1851761881,1100
1103,AFC U17 Asian Cup - Women,World,https://media.api-sports.io/football/leagues/1101.png,,2026-09-24 13:48:10.778378+06:30,,f,999,,api-football,Cup,,2105094199,1101
1104,UEFA U17 Championship - Women,World,https://media.api-sports.io/football/leagues/1102.png,,2026-09-24 13:48:10.778378+06:30,,f,999,,api-football,Cup,,2105094199,1102
1105,Premiership Women,Northern-Ireland,https://media.api-sports.io/football/leagues/1103.png,,2026-09-24 13:48:10.778378+06:30,,f,999,GB-NIR,api-football,League,,1533787710,1103
1106,Liga 3,Georgia,https://media.api-sports.io/football/leagues/1104.png,,2026-09-24 13:48:10.778378+06:30,,f,999,GE,api-football,League,,1087232045,1104
1107,Olympics - Intercontinental Play-offs,World,https://media.api-sports.io/football/leagues/1105.png,,2026-09-24 13:48:10.778378+06:30,,f,999,,api-football,Cup,,2105094199,1105
1108,Carioca C,Brazil,https://media.api-sports.io/football/leagues/1106.png,,2026-09-24 13:48:10.778378+06:30,,f,999,BR,api-football,League,,1851761881,1106
1109,Mineiro U20,Brazil,https://media.api-sports.io/football/leagues/1107.png,,2026-09-24 13:48:10.778378+06:30,,f,999,BR,api-football,League,,1851761881,1107
1110,Sergipano U20,Brazil,https://media.api-sports.io/football/leagues/1108.png,,2026-09-24 13:48:10.778378+06:30,,f,999,BR,api-football,League,,1851761881,1108
1111,Alagoano U20,Brazil,https://media.api-sports.io/football/leagues/1110.png,,2026-09-24 13:48:10.778378+06:30,,f,999,BR,api-football,League,,1851761881,1110
1112,Cearense U20,Brazil,https://media.api-sports.io/football/leagues/1112.png,,2026-09-24 13:48:10.778378+06:30,,f,999,BR,api-football,League,,1851761881,1112
1113,Copa Venezuela,Venezuela,https://media.api-sports.io/football/leagues/1113.png,,2026-09-24 13:48:10.778378+06:30,,f,999,VE,api-football,Cup,,1717199147,1113
1114,Carioca U20,Brazil,https://media.api-sports.io/football/leagues/1114.png,,2026-09-24 13:48:10.778378+06:30,,f,999,BR,api-football,League,,1851761881,1114
1115,Paraense A3,Brazil,https://media.api-sports.io/football/leagues/1115.png,,2026-09-24 13:48:10.778378+06:30,,f,999,BR,api-football,League,,1851761881,1115
1116,WPSL,USA,https://media.api-sports.io/football/leagues/1116.png,,2026-09-24 13:48:10.778378+06:30,,f,999,US,api-football,League,,765801221,1116
1117,USL W League,USA,https://media.api-sports.io/football/leagues/1117.png,,2026-09-24 13:48:10.778378+06:30,,f,999,US,api-football,League,,765801221,1117
1118,NPSL,USA,https://media.api-sports.io/football/leagues/1118.png,,2026-09-24 13:48:10.778378+06:30,,f,999,US,api-football,League,,765801221,1118
1119,NWSL - Liga MXF Summer Cup,USA,https://media.api-sports.io/football/leagues/1119.png,,2026-09-24 13:48:10.778378+06:30,,f,999,US,api-football,League,,765801221,1119
1120,Paraibano U20,Brazil,https://media.api-sports.io/football/leagues/1120.png,,2026-09-24 13:48:10.778378+06:30,,f,999,BR,api-football,League,,1851761881,1120
1121,OFC U19 Championship,World,https://media.api-sports.io/football/leagues/1122.png,,2026-09-24 13:48:10.778378+06:30,,f,999,,api-football,Cup,,2105094199,1122
1122,UAE-Qatar - Super Cup,World,https://media.api-sports.io/football/leagues/1123.png,,2026-09-24 13:48:10.778378+06:30,,f,999,,api-football,Cup,,2105094199,1123
1123,Cearense - 3,Brazil,https://media.api-sports.io/football/leagues/1124.png,,2026-09-24 13:48:10.778378+06:30,,f,999,BR,api-football,League,,1851761881,1124
1124,Pernambucano - 2,Brazil,https://media.api-sports.io/football/leagues/1125.png,,2026-09-24 13:48:10.778378+06:30,,f,999,BR,api-football,League,,1851761881,1125
1125,Esiliiga B,Estonia,https://media.api-sports.io/football/leagues/1126.png,,2026-09-24 13:48:10.778378+06:30,,f,999,EE,api-football,League,,1549965490,1126
1126,Chatham Cup,New-Zealand,https://media.api-sports.io/football/leagues/1127.png,,2026-09-24 13:48:10.778378+06:30,,f,999,NZ,api-football,Cup,,1952917739,1127
1127,Brasileiro U17,Brazil,https://media.api-sports.io/football/leagues/1128.png,,2026-09-24 13:48:10.778378+06:30,,f,999,BR,api-football,League,,1851761881,1128
1128,ASEAN Club Championship,World,https://media.api-sports.io/football/leagues/1129.png,,2026-09-24 13:48:10.778378+06:30,,f,999,,api-football,Cup,,2105094199,1129
1129,Super Cup Women,Netherlands,https://media.api-sports.io/football/leagues/1190.png,,2026-09-24 13:48:10.778378+06:30,,f,999,NL,api-football,Cup,,1629702244,1190
1130,USL Super League,USA,https://media.api-sports.io/football/leagues/1130.png,,2026-09-24 13:48:10.778378+06:30,,f,999,US,api-football,League,,765801221,1130
1131,Super Cup,Mongolia,https://media.api-sports.io/football/leagues/1131.png,,2026-09-24 13:48:10.778378+06:30,,f,999,MN,api-football,League,,1974976223,1131
1132,AFC Challenge League,World,https://media.api-sports.io/football/leagues/1132.png,,2026-09-24 13:48:10.778378+06:30,,f,999,,api-football,Cup,,2105094199,1132
1133,Goiano - 3,Brazil,https://media.api-sports.io/football/leagues/1133.png,,2026-09-24 13:48:10.778378+06:30,,f,999,BR,api-football,League,,1851761881,1133
1134,Amazonense - 2,Brazil,https://media.api-sports.io/football/leagues/1134.png,,2026-09-24 13:48:10.778378+06:30,,f,999,BR,api-football,League,,1851761881,1134
1135,Sergipano - 2,Brazil,https://media.api-sports.io/football/leagues/1135.png,,2026-09-24 13:48:10.778378+06:30,,f,999,BR,api-football,League,,1851761881,1135
1136,CONCACAF W Champions Cup,World,https://media.api-sports.io/football/leagues/1136.png,,2026-09-24 13:48:10.778378+06:30,,f,999,,api-football,Cup,,2105094199,1136
1137,Supercup der Frauen,Germany,https://media.api-sports.io/football/leagues/1137.png,,2026-09-24 13:48:10.778378+06:30,,f,999,DE,api-football,League,,686765747,1137
1138,Paranaense - 3,Brazil,https://media.api-sports.io/football/leagues/1138.png,,2026-09-24 13:48:10.778378+06:30,,f,999,BR,api-football,League,,1851761881,1138
1139,Potiguar - U20,Brazil,https://media.api-sports.io/football/leagues/1139.png,,2026-09-24 13:48:10.778378+06:30,,f,999,BR,api-football,League,,1851761881,1139
1140,AFC Women's Champions League,World,https://media.api-sports.io/football/leagues/1140.png,,2026-09-24 13:48:10.778378+06:30,,f,999,,api-football,Cup,,2105094199,1140
1141,Brasiliense B,Brazil,https://media.api-sports.io/football/leagues/1141.png,,2026-09-24 13:48:10.778378+06:30,,f,999,BR,api-football,League,,1851761881,1141
1142,Mineiro - 3,Brazil,https://media.api-sports.io/football/leagues/1142.png,,2026-09-24 13:48:10.778378+06:30,,f,999,BR,api-football,League,,1851761881,1142
1143,Estadual Junior U20,Brazil,https://media.api-sports.io/football/leagues/1143.png,,2026-09-24 13:48:10.778378+06:30,,f,999,BR,api-football,League,,1851761881,1143
1144,Super Cup,Ghana,https://media.api-sports.io/football/leagues/1144.png,,2026-09-24 13:48:10.778378+06:30,,f,999,GH,api-football,Cup,,241191387,1144
1145,FIFA Intercontinental Cup,World,https://media.api-sports.io/football/leagues/1168.png,,2026-09-24 13:48:10.778378+06:30,,f,999,,api-football,Cup,,2105094199,1168
1146,Paraense B1,Brazil,https://media.api-sports.io/football/leagues/1145.png,,2026-09-24 13:48:10.778378+06:30,,f,999,BR,api-football,League,,1851761881,1145
1147,Alagoano - 2,Brazil,https://media.api-sports.io/football/leagues/1146.png,,2026-09-24 13:48:10.778378+06:30,,f,999,BR,api-football,Cup,,1851761881,1146
1148,Maranhense - 2,Brazil,https://media.api-sports.io/football/leagues/1148.png,,2026-09-24 13:48:10.778378+06:30,,f,999,BR,api-football,League,,1851761881,1148
1149,Potiguar - 2,Brazil,https://media.api-sports.io/football/leagues/1149.png,,2026-09-24 13:48:10.778378+06:30,,f,999,BR,api-football,League,,1851761881,1149
1150,Gaúcho - 3,Brazil,https://media.api-sports.io/football/leagues/1150.png,,2026-09-24 13:48:10.778378+06:30,,f,999,BR,api-football,League,,1851761881,1150
1151,Pernambucano - 3,Brazil,https://media.api-sports.io/football/leagues/1151.png,,2026-09-24 13:48:10.778378+06:30,,f,999,BR,api-football,League,,1851761881,1151
1152,U19 Divisie 1,Netherlands,https://media.api-sports.io/football/leagues/1152.png,,2026-09-24 13:48:10.778378+06:30,,f,999,NL,api-football,League,,1629702244,1152
1153,AFC U20 Asian Cup - Qualification,World,https://media.api-sports.io/football/leagues/1153.png,,2026-09-24 13:48:10.778378+06:30,,f,999,,api-football,Cup,,2105094199,1153
1154,Catarinense - 3,Brazil,https://media.api-sports.io/football/leagues/1154.png,,2026-09-24 13:48:10.778378+06:30,,f,999,BR,api-football,League,,1851761881,1154
1155,Carioca B2,Brazil,https://media.api-sports.io/football/leagues/1155.png,,2026-09-24 13:48:10.778378+06:30,,f,999,BR,api-football,League,,1851761881,1155
1156,National League Cup,England,https://media.api-sports.io/football/leagues/1156.png,,2026-09-24 13:48:10.778378+06:30,,f,999,GB-ENG,api-football,Cup,,1955094987,1156
1157,Paraense U20,Brazil,https://media.api-sports.io/football/leagues/1157.png,,2026-09-24 13:48:10.778378+06:30,,f,999,BR,api-football,League,,1851761881,1157
1158,Copa Gaúcha,Brazil,https://media.api-sports.io/football/leagues/1158.png,,2026-09-24 13:48:10.778378+06:30,,f,999,BR,api-football,Cup,,1851761881,1158
1159,CECAFA U20 Championship,World,https://media.api-sports.io/football/leagues/1159.png,,2026-09-24 13:48:10.778378+06:30,,f,999,,api-football,Cup,,2105094199,1159
1160,Sapling Cup,Hong-Kong,https://media.api-sports.io/football/leagues/1160.png,,2026-09-24 13:48:10.778378+06:30,,f,999,HK,api-football,Cup,,454375341,1160
1161,AFC U17 Asian Cup - Qualification,World,https://media.api-sports.io/football/leagues/1161.png,,2026-09-24 13:48:10.778378+06:30,,f,999,,api-football,Cup,,2105094199,1161
1162,AGCFF Gulf Champions League,World,https://media.api-sports.io/football/leagues/1162.png,,2026-09-24 13:48:10.778378+06:30,,f,999,,api-football,Cup,,2105094199,1162
1163,African Nations Championship - Qualification,World,https://media.api-sports.io/football/leagues/1163.png,,2026-09-24 13:48:10.778378+06:30,,f,999,,api-football,Cup,,2105094199,1163
1164,CAF Women's Champions League,World,https://media.api-sports.io/football/leagues/1164.png,,2026-09-24 13:48:10.778378+06:30,,f,999,,api-football,Cup,,2105094199,1164
1165,Copa Fares Lopes,Brazil,https://media.api-sports.io/football/leagues/1165.png,,2026-09-24 13:48:10.778378+06:30,,f,999,BR,api-football,Cup,,1851761881,1165
1166,Super Cup,Cameroon,https://media.api-sports.io/football/leagues/1166.png,,2026-09-24 13:48:10.778378+06:30,,f,999,CM,api-football,Cup,,371313594,1166
1167,Recopa,Costa-Rica,https://media.api-sports.io/football/leagues/1167.png,,2026-09-24 13:48:10.778378+06:30,,f,999,CR,api-football,Cup,,112128789,1167
1168,MFL Cup,Malaysia,https://media.api-sports.io/football/leagues/1170.png,,2026-09-24 13:48:10.778378+06:30,,f,999,MY,api-football,Cup,,1210777268,1170
1169,Coppa Italia Women,Italy,https://media.api-sports.io/football/leagues/1171.png,,2026-09-24 13:48:10.778378+06:30,,f,999,IT,api-football,Cup,,984919096,1171
1170,Challenge Cup,Malta,https://media.api-sports.io/football/leagues/1173.png,,2026-09-24 13:48:10.778378+06:30,,f,999,MT,api-football,Cup,,1376424040,1173
1171,Hun Sen Cup,Cambodia,https://media.api-sports.io/football/leagues/1174.png,,2026-09-24 13:48:10.778378+06:30,,f,999,KH,api-football,Cup,,2079473643,1174
1172,Super Copa International,Argentina,https://media.api-sports.io/football/leagues/1178.png,,2026-09-24 13:48:10.778378+06:30,,f,999,AR,api-football,Cup,,710061511,1178
1173,Torneo Amistoso de Verano,Bolivia,https://media.api-sports.io/football/leagues/1172.png,,2026-09-24 13:48:10.778378+06:30,,f,999,BO,api-football,Cup,,1987582945,1172
1174,Women's President's Cup,Ireland,https://media.api-sports.io/football/leagues/1175.png,,2026-09-24 13:48:10.778378+06:30,,f,999,IE,api-football,Cup,,644842787,1175
1175,Super Cup,Latvia,https://media.api-sports.io/football/leagues/1176.png,,2026-09-24 13:48:10.778378+06:30,,f,999,LV,api-football,Cup,,2111298265,1176
1176,Super Cup,Faroe-Islands,https://media.api-sports.io/football/leagues/1177.png,,2026-09-24 13:48:10.778378+06:30,,f,999,FO,api-football,Cup,,1329684340,1177
1177,Copa do Brasil U17,Brazil,https://media.api-sports.io/football/leagues/1179.png,,2026-09-24 13:48:10.778378+06:30,,f,999,BR,api-football,Cup,,1851761881,1179
1178,Supercopa,Venezuela,https://media.api-sports.io/football/leagues/1181.png,,2026-09-24 13:48:10.778378+06:30,,f,999,VE,api-football,Cup,,1717199147,1181
1179,Northern Super League,Canada,https://media.api-sports.io/football/leagues/1182.png,,2026-09-24 13:48:10.778378+06:30,,f,999,CA,api-football,League,,1118493379,1182
1180,Brasileiro U20 B,Brazil,https://media.api-sports.io/football/leagues/1183.png,,2026-09-24 13:48:10.778378+06:30,,f,999,BR,api-football,Cup,,1851761881,1183
1181,Copa Grão Pará,Brazil,https://media.api-sports.io/football/leagues/1184.png,,2026-09-24 13:48:10.778378+06:30,,f,999,BR,api-football,Cup,,1851761881,1184
1182,3. liga - Play-offs,Slovakia,https://media.api-sports.io/football/leagues/1185.png,,2026-09-24 13:48:10.778378+06:30,,f,999,SK,api-football,League,,1984575888,1185
1183,FIFA Club World Cup - Play-In,World,https://media.api-sports.io/football/leagues/1186.png,,2026-09-24 13:48:10.778378+06:30,,f,999,,api-football,Cup,,2105094199,1186
1184,Copa Nicaragua,Nicaragua,https://media.api-sports.io/football/leagues/1187.png,,2026-09-24 13:48:10.778378+06:30,,f,999,NI,api-football,Cup,,4443683,1187
1185,EAFF E-1 Football Championship - Women,World,https://media.api-sports.io/football/leagues/1188.png,,2026-09-24 13:48:10.778378+06:30,,f,999,,api-football,Cup,,2105094199,1188
1186,Asean Championship Women,World,https://media.api-sports.io/football/leagues/1189.png,,2026-09-24 13:48:10.778378+06:30,,f,999,,api-football,Cup,,2105094199,1189
1187,UEFA Europa Cup - Women,World,https://media.api-sports.io/football/leagues/1191.png,,2026-09-24 13:48:10.778378+06:30,,f,999,,api-football,Cup,,2105094199,1191
1188,Super Cup,Angola,https://media.api-sports.io/football/leagues/1192.png,,2026-09-24 13:48:10.778378+06:30,,f,999,AO,api-football,Cup,,1709227332,1192
1189,Super Cup,Kenya,https://media.api-sports.io/football/leagues/1193.png,,2026-09-24 13:48:10.778378+06:30,,f,999,KE,api-football,Cup,,1467912287,1193
1190,Super Cup,Tunisia,https://media.api-sports.io/football/leagues/1194.png,,2026-09-24 13:48:10.778378+06:30,,f,999,TN,api-football,Cup,,1795685710,1194
1191,Liga E Pare,Kosovo,https://media.api-sports.io/football/leagues/1195.png,,2026-09-24 13:48:10.778378+06:30,,f,999,XK,api-football,League,,515162668,1195
1192,Division One League,Ghana,https://media.api-sports.io/football/leagues/1196.png,,2026-09-24 13:48:10.778378+06:30,,f,999,GH,api-football,League,,241191387,1196
1193,FA Cup,Oman,https://media.api-sports.io/football/leagues/1197.png,,2026-09-24 13:48:10.778378+06:30,,f,999,OM,api-football,Cup,,759398355,1197
1194,Serie A Cup Women,Italy,https://media.api-sports.io/football/leagues/1198.png,,2026-09-24 13:48:10.778378+06:30,,f,999,IT,api-football,Cup,,984919096,1198
1195,League Cup,Hong-Kong,https://media.api-sports.io/football/leagues/1199.png,,2026-09-24 13:48:10.778378+06:30,,f,999,HK,api-football,Cup,,454375341,1199
1196,Liga MX U21,Mexico,https://media.api-sports.io/football/leagues/1200.png,,2026-09-24 13:48:10.778378+06:30,,f,999,MX,api-football,League,,1323288868,1200
1197,IFA Shield,India,https://media.api-sports.io/football/leagues/1201.png,,2026-09-24 13:48:10.778378+06:30,,f,999,IN,api-football,Cup,,296321908,1201
1198,Australian Championship,Australia,https://media.api-sports.io/football/leagues/1202.png,,2026-09-24 13:48:10.778378+06:30,,f,999,AU,api-football,Cup,,2066371799,1202
1199,Piauiense - 2,Brazil,https://media.api-sports.io/football/leagues/1203.png,,2026-09-24 13:48:10.778378+06:30,,f,999,BR,api-football,League,,1851761881,1203
1200,Rondoniense - 2,Brazil,https://media.api-sports.io/football/leagues/1204.png,,2026-09-24 13:48:10.778378+06:30,,f,999,BR,api-football,League,,1851761881,1204
1201,Kings Cup,Brazil,https://media.api-sports.io/football/leagues/1205.png,,2026-09-24 13:48:10.778378+06:30,,f,999,BR,api-football,Cup,,1851761881,1205
1202,CONMEBOL Nations League Women,World,https://media.api-sports.io/football/leagues/1206.png,,2026-09-24 13:48:10.778378+06:30,,f,999,,api-football,Cup,,2105094199,1206
1203,Pro League U23,United-Arab-Emirates,https://media.api-sports.io/football/leagues/1218.png,,2026-09-24 13:48:10.778378+06:30,,f,999,AE,api-football,League,,1519936961,1218
1204,Super Cup,Bosnia,https://media.api-sports.io/football/leagues/1221.png,,2026-09-24 13:48:10.778378+06:30,,f,999,BA,api-football,Cup,,275179499,1221
1205,Capixaba B,Brazil,https://media.api-sports.io/football/leagues/1147.png,,2026-09-24 13:48:10.778378+06:30,,f,999,BR,api-football,League,,1851761881,1147
1206,EAFF E-1 Football Championship - Qualification,World,https://media.api-sports.io/football/leagues/1169.png,,2026-09-24 13:48:10.778378+06:30,,f,999,,api-football,Cup,,2105094199,1169
1207,Copa LDF,Dominican-Republic,https://media.api-sports.io/football/leagues/1180.png,,2026-09-24 13:48:10.778378+06:30,,f,999,DO,api-football,Cup,,1742223066,1180
1208,UEFA Championship - Women - Qualification,World,https://media.api-sports.io/football/leagues/1083.png,,2026-09-24 13:48:10.778378+06:30,,f,999,,api-football,Cup,,2105094199,1083
1209,CONCACAF Series,World,https://media.api-sports.io/football/leagues/1207.png,,2026-09-24 13:48:10.778378+06:30,,f,999,,api-football,Cup,,2105094199,1207
1210,Arabian Gulf Cup U23,World,https://media.api-sports.io/football/leagues/1208.png,,2026-09-24 13:48:10.778378+06:30,,f,999,,api-football,Cup,,2105094199,1208
1211,Guangdong - Hong Kong Cup,Hong-Kong,https://media.api-sports.io/football/leagues/1209.png,,2026-09-24 13:48:10.778378+06:30,,f,999,HK,api-football,Cup,,454375341,1209
1212,Super Cup,Greece,https://media.api-sports.io/football/leagues/1210.png,,2026-09-24 13:48:10.778378+06:30,,f,999,GR,api-football,Cup,,1086173280,1210
1213,Tipsport Liga,Czech-Republic,https://media.api-sports.io/football/leagues/1211.png,,2026-09-24 13:48:10.778378+06:30,,f,999,CZ,api-football,League,,49633419,1211
1214,Copa De La Liga Auf,Uruguay,https://media.api-sports.io/football/leagues/1212.png,,2026-09-24 13:48:10.778378+06:30,,f,999,UY,api-football,Cup,,289582172,1212
1215,Kings World Cup Nations,World,https://media.api-sports.io/football/leagues/1213.png,,2026-09-24 13:48:10.778378+06:30,,f,999,,api-football,Cup,,2105094199,1213
1216,OFC Pro League,World,https://media.api-sports.io/football/leagues/1214.png,,2026-09-24 13:48:10.778378+06:30,,f,999,,api-football,Cup,,2105094199,1214
1217,Obos Supercup,Norway,https://media.api-sports.io/football/leagues/1215.png,,2026-09-24 13:48:10.778378+06:30,,f,999,NO,api-football,Cup,,1726383440,1215
1218,Serie Rio De La Plata,World,https://media.api-sports.io/football/leagues/1216.png,,2026-09-24 13:48:10.778378+06:30,,f,999,,api-football,Cup,,2105094199,1216
1219,FIFA Women Champions Cup,World,https://media.api-sports.io/football/leagues/1217.png,,2026-09-24 13:48:10.778378+06:30,,f,999,,api-football,Cup,,2105094199,1217
1220,J2/J3 League,Japan,https://media.api-sports.io/football/leagues/1235.png,,2026-09-24 13:48:10.778378+06:30,,f,999,JP,api-football,League,,1468978596,1235
1221,Copa Presidente,El-Salvador,https://media.api-sports.io/football/leagues/1219.png,,2026-09-24 13:48:10.778378+06:30,,f,999,SV,api-football,League,,166939286,1219
1222,Copa De La Liga,Chile,https://media.api-sports.io/football/leagues/1220.png,,2026-09-24 13:48:10.778378+06:30,,f,999,CL,api-football,Cup,,2100392006,1220
1223,FIFA Series,World,https://media.api-sports.io/football/leagues/1222.png,,2026-09-24 13:48:10.778378+06:30,,f,999,,api-football,Cup,,2105094199,1222
1224,Copa Norte,Brazil,https://media.api-sports.io/football/leagues/1223.png,,2026-09-24 13:48:10.778378+06:30,,f,999,BR,api-football,Cup,,1851761881,1223
1225,Copa Sul-Sudeste,Brazil,https://media.api-sports.io/football/leagues/1224.png,,2026-09-24 13:48:10.778378+06:30,,f,999,BR,api-football,Cup,,1851761881,1224
1226,Copa Centro-Oeste,Brazil,https://media.api-sports.io/football/leagues/1225.png,,2026-09-24 13:48:10.778378+06:30,,f,999,BR,api-football,Cup,,1851761881,1225
1227,Victoria Premier League 2,Australia,https://media.api-sports.io/football/leagues/1226.png,,2026-09-24 13:48:10.778378+06:30,,f,999,AU,api-football,League,,2066371799,1226
1228,Premier League Women,Saudi-Arabia,https://media.api-sports.io/football/leagues/1227.png,,2026-09-24 13:48:10.778378+06:30,,f,999,SA,api-football,League,,660825839,1227
1229,Ethiopia Cup,Ethiopia,https://media.api-sports.io/football/leagues/1228.png,,2026-09-24 13:48:10.778378+06:30,,f,999,ET,api-football,Cup,,577326018,1228
1230,Liga Women,Peru,https://media.api-sports.io/football/leagues/1229.png,,2026-09-24 13:48:10.778378+06:30,,f,999,PE,api-football,League,,854081946,1229
1231,Npl Nsw U20,Australia,https://media.api-sports.io/football/leagues/1230.png,,2026-09-24 13:48:10.778378+06:30,,f,999,AU,api-football,League,,2066371799,1230
1232,Federation Cup,Nigeria,https://media.api-sports.io/football/leagues/1231.png,,2026-09-24 13:48:10.778378+06:30,,f,999,NG,api-football,Cup,,1903432011,1231
1233,Copa De La Liga,Peru,https://media.api-sports.io/football/leagues/1232.png,,2026-09-24 13:48:10.778378+06:30,,f,999,PE,api-football,Cup,,854081946,1232
1234,Super Cup Women,Russia,https://media.api-sports.io/football/leagues/1233.png,,2026-09-24 13:48:10.778378+06:30,,f,999,RU,api-football,Cup,,476208328,1233
1235,K4 League,South-Korea,https://media.api-sports.io/football/leagues/1234.png,,2026-09-24 13:48:10.778378+06:30,,f,999,KR,api-football,League,,554716355,1234
1236,Como Cup,World,https://media.api-sports.io/football/leagues/1236.png,,2026-09-24 13:48:10.778378+06:30,,f,999,,api-football,Cup,,2105094199,1236
1237,Central American and Caribbean Games,World,https://media.api-sports.io/football/leagues/1237.png,,2026-09-24 13:48:10.778378+06:30,,f,999,,api-football,Cup,,2105094199,1237
1238,Regionalliga - South,Austria,https://media.api-sports.io/football/leagues/1238.png,,2026-09-24 13:48:10.778378+06:30,,f,999,AT,api-football,League,,1825620582,1238
1239,Regionalliga - North,Austria,https://media.api-sports.io/football/leagues/1239.png,,2026-09-24 13:48:10.778378+06:30,,f,999,AT,api-football,League,,1825620582,1239
1240,U19 league,Turkey,https://media.api-sports.io/football/leagues/1240.png,,2026-09-24 13:48:10.778378+06:30,,f,999,TR,api-football,League,,1534531403,1240
1241,U19 league,Serbia,https://media.api-sports.io/football/leagues/1241.png,,2026-09-24 13:48:10.778378+06:30,,f,999,RS,api-football,League,,596014133,1241
1242,Primera Premier,Mexico,https://media.api-sports.io/football/leagues/1242.png,,2026-09-24 13:48:10.778378+06:30,,f,999,MX,api-football,League,,1323288868,1242
1243,Super League Women,South-Africa,https://media.api-sports.io/football/leagues/1243.png,,2026-09-24 13:48:10.778378+06:30,,f,999,ZA,api-football,League,,1357748937,1243
1244,B-Liga Women,Denmark,https://media.api-sports.io/football/leagues/1244.png,,2026-09-24 13:48:10.778378+06:30,,f,999,DK,api-football,League,,1765234433,1244
1245,Asian Games Women,World,https://media.api-sports.io/football/leagues/1245.png,,2026-09-24 13:48:10.778378+06:30,,f,999,,api-football,Cup,,2105094199,1245
1246,Intercontinental Cup U20,World,https://media.api-sports.io/football/leagues/1246.png,,2026-09-24 13:48:10.778378+06:30,,f,999,,api-football,Cup,,2105094199,1246
